id,domain,status,purchase_price,renewal_price,attractiveness,demand,length,registrar,created_at,expires_at,status_verified_at
8542bf9b-fb36-4612-bfc5-045266485b74,justify.wine,available,9.99,59.99,high,low,7,namesilo,,,28/09/2026 11:05
3e221f8e-e0e9-4609-8cb6-4e51b8c0ad18,alleviate.organic,available,17,,high,low,9,unstoppable,,,01/10/2026 22:08
42032f39-dc3c-45db-94d7-60f30db2fb30,neutralize.ac,available,25.88,46.58,high,low,10,spaceship,,,01/10/2026 04:11
8b088ba3-77d8-408d-8804-a294eb3a945a,decrease.guitars,available,100.2,100.2,medium,low,8,cloudflare,,,29/09/2026 00:39
7ecc0afe-90ac-4056-a66d-b44abcd3771f,sheath.bar,available,3.49,54.99,high,low,6,namesilo,,,02/10/2026 04:24
22eaffa2-d1ad-4d62-bda5-e89869b0471c,godfather.casa,available,1.54,10.81,high,low,9,porkbun,,,28/09/2026 14:19
2b9b8850-0381-4e1a-8cb7-c9387fc1c970,preference.cat,available,18.83,25.04,high,low,10,spaceship,,,29/09/2026 16:57
abbd78db-2bae-4a1d-8011-da70283c2628,scapegoat.finance,available,20.99,64.99,medium,low,9,namesilo,,,02/10/2026 16:42
25ef6f52-e788-484d-885a-7e0d6b98f88b,tint.auto,available,2140.22,2140.22,high,low,4,dynadot,,,02/10/2026 16:59
1e31a1c1-efc9-45ca-b172-801468229096,trans.ing,premium,382.61,382.61,high,low,5,porkbun,,,30/09/2026 03:32
a687554b-bf31-4745-8990-23b12113a30a,reproduce.de,resell,,,high,low,9,,,,28/09/2026 20:51
519b63c6-4cec-4968-a72b-2d5b2a2420d5,treadmill.theater,available,50.2,50.2,high,low,9,cloudflare,,,03/10/2026 02:17
1ebbfdb4-f55e-4faf-adab-1dc986b67793,staircase.law,available,85.82,85.82,medium,low,9,dynadot,,,28/09/2026 20:32
5c0d5d5f-9177-4113-ad7c-45c1f19d1252,displeasure.reise,available,102.98,127.98,medium,low,11,namecheap,,,01/10/2026 05:24
a9fee7a8-3fa5-497c-aa6d-56d0d3dd9b06,grunt.trade,premium,455,65,high,low,5,namecheap,,,01/10/2026 02:20
3a803f02-4c3f-4d91-90a9-72512b5100c7,auspicate.wedding,available,33.98,43.98,medium,low,9,namecheap,,,21/09/2026 03:29
1c5337a7-a666-42be-b13d-01cc6d0625a3,dispense.immo,available,34.99,34.99,high,low,8,namesilo,,,01/10/2026 04:11
8aeb4fc2-15e4-40de-aef6-f584e6a9acf5,owe.page,premium,61.27,61.27,high,low,3,spaceship,,,30/09/2026 21:17
e9395722-031f-4bc7-b018-909ce678a60a,pot.show,premium,128.7,128.7,high,low,3,namecheap,,,25/09/2026 20:52
e8e21ce8-0f9e-4acd-8cbe-f5b9f6c5f38c,oblige.london,available,12.98,41.98,high,low,6,namecheap,,,03/09/2026 23:41
b0cddc23-1c82-4c9e-bf05-aadc8e20b5dc,bandicoot.tools,available,18.99,36.49,medium,low,9,namesilo,,,22/09/2026 01:13
9f0ef111-0dfe-4c1d-b2c4-303a14cebe7b,fissure.asia,available,1.98,18.98,high,low,7,namecheap,,,13/08/2026 04:18
ad7cb238-1a3e-4bfb-bc01-b4cd485a1b01,advertise.talk,premium,132,132,high,low,9,dynadot,,,29/09/2026 20:39
e0cc5508-6a37-42b3-9d7c-4ba6246aacab,smear.skin,available,1.54,14.21,high,low,5,porkbun,,,29/09/2026 18:01
5237e5d6-40b6-4c90-95d0-b6084a4cc11f,autograph.computer,available,23.99,38.99,high,low,9,namesilo,,,21/09/2026 06:37
41e91e20-4ae9-417a-8ef8-9dd5feac05b4,grudge.law,available,83,83,high,low,6,spaceship,,,29/09/2026 19:05
836722ef-a3df-4ae2-a21e-e46ffd5f0740,offprint.ltd,available,4.98,42.98,medium,low,8,namecheap,,,10/09/2026 03:57
3ecf3152-44e0-461f-908d-c679b784d34d,goal.insure,available,5.66,58.19,high,low,4,porkbun,,,29/09/2026 14:09
07cc56a7-b8b0-45fc-8680-b28c842150f4,oblique.rehab,available,14.99,52.99,high,low,7,name.com,,,14/08/2026 05:11
0c9286b7-d3b3-49a3-9a31-d82bb5a9206d,nourish.bingo,available,53.99,53.99,high,low,7,namesilo,,,18/09/2026 07:58
76f597c4-21b7-407f-a151-850225f85a4d,miniature.casino,available,6.98,191.98,high,low,9,namecheap,,,24/08/2026 23:48
29190471-1912-49ee-81bb-ab5b60dac604,furnace.exposed,available,17.8,17.8,high,low,7,spaceship,,,28/09/2026 19:17
23e15a78-8615-45f3-8d34-199cba84ec7e,dampen.kids,premium,62.5,22.5,medium,low,6,name.com,,,13/08/2026 16:53
a54b30cd-bed7-4d52-9456-947b43e1c966,saucer.team,available,4.63,29.35,high,low,6,porkbun,,,29/09/2026 15:53
a5cbda1e-a27c-459e-9163-8c786c3ab6a6,privilege.fail,available,59.99,59.99,high,low,9,godaddy,,,28/09/2026 01:52
c78f4ba7-a61b-4130-a8ab-0df57f5b7622,wrap.adult,available,,,high,low,4,,,,26/09/2026 00:32
adced3e1-a9eb-4fbc-a8f2-c337a933c853,lazy.exposed,available,22.98,28.98,high,low,4,namecheap,,,17/08/2026 20:54
199a032e-d2bc-4f7b-9bdd-1c9ba464ed71,modem.attorney,available,62.99,62.99,high,low,5,namesilo,,,30/09/2026 04:48
79a7fef4-ead1-4b80-bd6e-73069e6897c9,capture.rich,available,94.99,1999,high,low,7,namesilo,,,24/09/2026 12:42
f91eb35d-7637-42c1-8ac5-2a8d5c1704db,stopgap.sucks,available,218.99,218.99,medium,low,7,namesilo,,,24/08/2026 13:27
12da5c02-f1de-4cc8-9f72-b55e4ae5626d,intermediate.fans,premium,26.08,51.95,high,low,12,spaceship,,,30/09/2026 11:48
595c3a21-f7a7-45c0-a0e8-85e0b947841f,disappoint.fans,premium,51.95,103.7,medium,low,10,spaceship,,,29/09/2026 14:14
7767b181-bd6d-4724-8d69-871fb2676922,bamboo.sex,available,69.98,154.98,high,medium,6,namecheap,,,22/09/2026 00:40
81dc22c9-cb26-4975-9b59-844ee68d5bac,chisel.blue,available,18.5,,high,low,6,unstoppable,,,02/10/2026 23:58
62cd157f-01d0-4a3c-add0-0ea5ed372fed,baste.date,available,5.25,6.25,medium,low,5,namesilo,,,22/09/2026 12:43
ab13315d-4a33-4e5b-9be8-c78a67d1a4a7,disperse.im,available,7.95,9.28,high,low,8,dynadot,,,29/09/2026 13:55
3a9ce9db-9de9-4c0f-abe1-16551a6a1d7a,unstuck.promo,available,11.98,33.48,high,low,7,namecheap,,,12/09/2026 20:40
deec62a1-e04b-4acc-8fa6-b66dac3ff938,grouse.golf,available,7.49,64.99,high,low,6,namesilo,,,23/09/2026 00:24
33d22fa9-b48b-4c8d-a808-98c2d4274b9d,accuse.info,available,5.25,29.49,medium,low,6,namesilo,,,29/09/2026 02:41
60fb5449-a90b-4db2-b45c-6e5649f8d766,pillage.center,available,4.98,42.98,medium,low,7,namecheap,,,08/09/2026 21:56
4f4306ea-a69e-42a2-ac71-fce974514633,group.lease,premium,118.8,118.8,high,low,5,namesilo,,,27/09/2026 09:25
2a3627c1-5d54-4dc7-8ad8-be59c0b5d8a0,concur.llc,available,13.5,,high,low,6,unstoppable,,,02/10/2026 17:11
b5d56d75-29cc-4bab-8a76-5250ebf16b4c,blouse.moda,available,33.32,33.32,high,low,6,spaceship,,,29/09/2026 06:07
5b1a6cca-a240-4234-ba8e-7527bd16969a,decoy.rest,available,1.25,26,high,low,5,spaceship,,,30/09/2026 01:16
c7494caf-4ba4-4ff0-b94d-577d85aa9579,belly.cat,available,26.98,38.98,high,low,5,namecheap,,,16/09/2026 14:48
750eceee-cdcd-4d64-8045-2aec312ec8c9,subgroup.parts,available,9.52,33.32,medium,low,8,spaceship,,,28/09/2026 15:24
d6979108-8176-48c9-bc87-be46a4311a4d,microphone.protection,available,1999.99,2049.99,high,low,10,namesilo,,,29/09/2026 08:27
43a5590a-5f96-4a93-8055-a3d8246ff397,indulge.rentals,available,6.98,56.98,high,low,7,namecheap,,,21/09/2026 13:04
d9d56c8a-388e-4436-98b9-f1b47d8e69b4,vaccine.maison,available,57.99,57.99,high,low,7,namesilo,,,29/09/2026 02:28
3546ef11-629f-4197-8a10-a2235f6fa2d1,relish.systems,available,10.55,28.15,high,low,6,spaceship,,,29/09/2026 21:47
9344b14c-4beb-46ad-aa9c-0ac902cb34a6,disagree.gold,available,9.99,99.99,high,low,8,namesilo,,,29/09/2026 15:32
7fb509d4-a63b-4608-964a-dc2961598d42,nose.school,available,36.49,36.49,high,low,4,namesilo,,,30/09/2026 05:52
d62bd686-5ab9-4f17-9723-e8265b09f8e2,stub.bid,available,5.25,6.25,high,low,4,namesilo,,,24/09/2026 13:57
c6d8440b-bbf7-4e94-b8c5-863c649dcb1b,octopus.xxx,premium,256.88,256.88,high,medium,7,spaceship,,,30/09/2026 02:24
6d89a8ab-2d51-448b-ad61-19d4df84857b,compromise.mortgage,available,62.99,62.99,high,low,10,namesilo,,,24/09/2026 16:54
24da8e3b-376a-4662-8f92-4279f1e296a0,ruin.forum,premium,87.5,125,high,low,4,name.com,,,08/08/2026 13:39
c37bf6a2-b5cf-44ea-ba4e-cb7017b83eb7,betray.new,available,412.46,412.46,medium,low,6,porkbun,,,28/09/2026 13:49
230d0075-8c2e-4ded-9c78-b96c8088363d,avoid.club,premium,960,17.7,high,low,5,namesilo,,,13/09/2026 06:44
083053b3-2873-4d18-a0de-62da9d67ab65,conjecture.run,available,6.99,26.99,high,low,10,namesilo,,,24/09/2026 17:17
55fa3429-e403-41f1-938e-a487fdcc0dfe,fiesta.rent,available,1.18,51.95,high,low,6,spaceship,,,01/10/2026 02:03
b8b45e95-b8ba-4a2b-9d9a-0f2d52c1b553,programme.sydney,available,58,58,high,low,9,namesilo,,,24/09/2026 16:59
b8517c40-5788-42ed-bc45-71694da73299,goldbrick.guide,available,10.99,57.99,medium,low,9,name.com,,,20/08/2026 16:29
d1b1c98f-afa4-4ec6-a15b-060779d4f0c6,redesign.hospital,available,47.3,47.3,high,low,8,dynadot,,,30/09/2026 19:12
792a48dd-ff99-4e3b-a5b7-104425b68c11,intervene.community,available,36.43,36.43,high,low,9,spaceship,,,29/09/2026 08:23
44ca96a2-cd78-42e4-9e25-3e5cac8e3a2e,enroll.actor,available,16,,high,low,6,unstoppable,,,30/09/2026 18:26
244227b7-9d86-4d99-b871-28b927fe946c,snapshot.storage,available,535.22,535.22,high,low,8,dynadot,,,02/10/2026 06:26
6453377d-a0af-44b7-bc94-6872ca2d8482,fax.horse,premium,512,29.5,high,low,3,namesilo,,,28/09/2026 14:07
6bfad0b9-9d6e-4d13-aee8-67fa1de8c228,tapestry.observer,premium,13,13,high,low,8,namecheap,,,20/09/2026 08:48
64daf5d2-d5ee-4288-85b6-66a0aef9e754,provide.ag,available,89.99,79.99,high,low,7,namesilo,,,30/09/2026 07:04
69d6a41d-f7cd-43c3-9249-5c39b45d6f88,ted.deals,premium,68.51,68.51,high,low,3,spaceship,,,30/09/2026 12:54
4cc09da0-f3a7-4b4e-946f-571c8c3a8f07,pamphlet.contact,available,13.98,16.78,high,low,8,namecheap,,,24/09/2026 07:11
17dfe9dc-fc78-49a0-aefa-72e7490f6755,spout.vip,premium,750.5,,high,low,5,unstoppable,,,03/10/2026 01:05
ef21a4bf-c825-40e5-97c7-ae29425c4e07,telecast.hamburg,available,69.98,73.98,high,low,8,namecheap,,,03/10/2026 02:31
f6324d46-2128-430b-8469-215e1f4c43a6,bead.football,available,20.9,20.9,high,low,4,spaceship,,,29/09/2026 01:38
079f8649-3ba7-410d-ad5f-57ba0e835b89,update.study,premium,103.7,103.7,high,low,7,spaceship,,,02/10/2026 21:17
0ffeb8f2-f5f4-41aa-8fab-f202657fea59,scrutinize.inc,premium,2061.5,2660,high,low,10,namesilo,,,21/09/2026 03:06
4043dba7-6f35-43e0-8bf0-90fb5ef16d9a,canister.quest,available,1.99,17.29,high,low,8,namesilo,,,02/10/2026 23:49
cf6d3194-5edb-4fdc-be98-2964ea32ddeb,louche.viajes,available,37.99,37.99,medium,low,6,namesilo,,,24/08/2026 10:02
73124ae3-0169-4d13-9294-a2aa1dc7b809,screw.diet,available,104.99,114.99,high,low,5,namesilo,,,18/08/2026 17:26
3f5701cd-c1f0-42fa-ac24-7feb26df9dd2,computer.navy,available,32.2,32.2,high,medium,8,cloudflare,,,02/10/2026 11:27
c9dae4b7-c3ca-4283-840b-834618973765,colly.feedback,available,9.98,489.98,medium,low,5,namecheap,,,14/08/2026 09:17
b4ab0f0e-415a-4234-8ccb-90813ddba605,bicycle.locker,premium,318.46,8.8,high,low,7,namesilo,,,27/09/2026 03:10
2790b737-3314-42cb-a242-732fc69cb447,overture.shopping,available,8.24,24.83,high,low,8,dynadot,,,30/09/2026 18:16
d722175e-ebc8-4a09-bbd9-e1d3543a1e59,unfair.observer,premium,11.8,11.8,medium,low,6,namesilo,,,28/09/2026 09:45
8cee58a8-9fe0-4492-ae76-be624293f466,nickname.art,premium,354.9,91,high,low,8,namecheap,,,24/09/2026 11:25
118110b9-32d3-4924-9ead-221f01c0914b,pickaback.camp,available,62.99,62.99,medium,low,9,namesilo,,,15/09/2026 19:48
4b882116-789c-4398-910a-c9e7906d1a91,bag.realty,available,99.8,456.98,high,low,3,namecheap,,,04/09/2026 13:24
3c7a58c2-b4ca-4ab5-a436-76ad2d18de69,tattletale.wiki,available,2.98,43.98,medium,low,10,namecheap,,,11/09/2026 10:28
413db159-e276-414e-be8d-9d8c5ff83f67,whimsy.accountant,premium,455,65,high,low,6,namecheap,,,20/09/2026 00:42
70d29f0d-3450-47e0-9f88-a981ba285b3a,fame.adult,available,51.95,98.53,high,low,4,spaceship,,,02/10/2026 10:31
68517fe2-545d-4336-a8ef-83c840651b08,conserve.pink,premium,78.54,78.54,high,low,8,namesilo,,,24/09/2026 17:27
d777a8a9-a22f-4491-bb2f-9d6cad295c6f,upstream.archi,available,14.98,132.98,high,low,8,namecheap,,,12/09/2026 23:24
0ac26e1e-0c64-4040-9834-49a67a6b6739,assegai.tienda,available,59.99,59.99,medium,low,7,namesilo,,,20/09/2026 15:40
ecbc3a3a-d2de-45ed-9d3e-6ec53a1041cd,uneven.lease,available,56.99,56.99,high,low,6,namesilo,,,04/09/2026 00:48
41e601d7-05bd-4430-ab2c-81177be34d37,politic.bayern,available,34.99,34.99,high,low,7,namesilo,,,08/09/2026 23:06
d6e2a29e-84be-43d8-89d4-f28e2270994e,bullshit.sucks,available,218.99,218.99,high,low,8,namesilo,,,29/09/2026 11:49
a05667e3-1892-4f81-baef-b4b31333b6ab,intention.berlin,available,79.98,89.98,high,low,9,namecheap,,,22/08/2026 07:55
c34d1222-95a3-43e1-a235-32d671c757d8,bleed.auto,available,1999.99,2199,medium,low,5,namesilo,,,28/09/2026 14:26
175395e9-ef35-46fe-bc71-a7d3c1bc7e1a,stealth.diamonds,available,54.99,54.99,high,low,7,namesilo,,,29/09/2026 08:08
a1755136-7c34-4498-9211-e8bf158bea5d,offshore.foo,premium,76.7,76.7,high,low,8,namecheap,,,04/09/2026 01:37
2792fc23-29f3-4e92-ae12-ccc027659a00,ascertain.osaka,available,26.68,26.88,high,low,9,porkbun,,,02/10/2026 17:12
b2f5c6a9-eb8c-45af-8d96-f71c5331228d,contain.prof,premium,115.7,115.7,high,low,7,namecheap,,,24/09/2026 20:22
01fbad66-9e3a-4f0c-900c-7a3529cd6723,scant.vip,premium,224,17.7,medium,low,5,namesilo,,,09/09/2026 22:36
5029292c-c3f3-486e-8f3f-e66c6b527841,patter.cooking,available,33.98,43.98,high,low,6,namecheap,,,15/09/2026 20:21
65981eb7-aea5-41fe-9425-0359e5513fad,retrospect.sale,available,30.2,30.2,high,low,10,cloudflare,,,30/09/2026 18:28
6721bb7b-aad0-48a0-9152-8d22c2dac261,prune.boats,available,1.99,17.29,high,low,5,namesilo,,,03/10/2026 01:51
1b981686-4021-41a5-9ddf-e459f708cccf,fence.vodka,available,26.08,26.08,high,low,5,spaceship,,,29/09/2026 19:13
80f35de6-1c6c-4a3b-b77e-8bd1882d0655,critique.shopping,available,29.98,37.98,high,low,8,namecheap,,,29/09/2026 12:05
c48a57eb-c486-498f-9b69-6f83f7f5fc8b,disrepute.icu,available,3.19,19.49,medium,low,9,namesilo,,,24/09/2026 22:34
7da0d267-a2cc-4f8b-bb2b-4456c0abe534,pamphlet.kiwi,available,31.98,35.68,high,low,8,namecheap,,,24/09/2026 07:11
5f674089-3ab1-4708-8a6e-479b0587798b,razz.express,available,12.49,39.99,medium,low,4,namesilo,,,21/09/2026 19:47
5a9673e6-b850-4ece-8a84-1b3e3fc2b899,hut.protection,available,1999.99,2049.99,high,low,3,namesilo,,,20/09/2026 07:59
6543505f-3b5e-4e8f-910f-a5b81151adf2,forearm.vin,available,46.2,46.2,high,low,7,cloudflare,,,30/09/2026 01:41
b3b78ba1-0fc3-43c4-bc65-31b483e2689d,score.ltda,available,34.99,34.99,high,low,5,namesilo,,,27/09/2026 18:29
4ee88d51-a1fc-4131-be1e-02e986b4f938,stretcher.cat,available,26.98,38.98,high,low,9,namecheap,,,30/09/2026 16:46
9e67f91a-79a0-47a4-81aa-6ca69ce13c73,hut.barcelona,available,38.98,38.98,high,low,3,namecheap,,,20/09/2026 07:59
c8dc2c87-9e1d-40aa-9ab2-2672c67381b0,monologue.coupons,available,2.27,43.67,high,low,9,spaceship,,,30/09/2026 10:35
7fb69e6b-24b2-49ee-8aa3-412d06ab62dc,regulate.bio,available,9.99,69.99,high,low,8,namesilo,,,30/09/2026 11:03
6909eb08-c998-40bd-b33f-04af9024eac5,refuse.fail,available,38.99,38.99,medium,low,6,namesilo,,,27/09/2026 02:42
ee1058e7-b55e-4e6a-aef0-55ebdcd17136,leverage.ag,available,89.99,79.99,high,low,8,namesilo,,,29/09/2026 01:34
50eb6fc4-ad43-4953-8ff1-cf328fa5c22c,relish.hockey,available,59.99,59.99,high,low,6,namesilo,,,29/09/2026 21:47
462a24fe-faaf-4bff-a062-ea7049a29e79,buffoon.it,available,25.99,25.99,medium,low,7,name.com,,,24/09/2026 10:55
a4cc3b35-45c9-4342-9276-e7b96aedd361,tint.tools,available,7.45,29.18,high,low,4,spaceship,,,02/10/2026 16:59
53ff89c3-d434-421c-a166-43b7588d5153,depend.qpon,available,3.49,9.72,high,low,6,dynadot,,,30/09/2026 18:33
6e460987-6d23-4b25-aa7c-0ac2f2f59349,badge.estate,available,6.98,52.98,high,low,5,namecheap,,,19/09/2026 15:56
020e6833-9274-4415-9135-ddbad54e38d4,interfere.surf,available,1.24,26.08,high,low,9,spaceship,,,28/09/2026 03:20
915c94e4-0209-442b-ba40-78ec1428bb80,assemble.xxx,available,95.2,95.2,high,low,8,cloudflare,,,28/09/2026 09:53
5e628e95-cfad-4f74-b8e5-38e0000dc373,plummet.apartments,available,57.99,57.99,medium,low,7,namesilo,,,08/09/2026 21:42
03535abe-38e8-438e-8883-de9976605118,undermine.app,available,10.99,16.99,medium,low,9,namesilo,,,29/09/2026 06:16
26209210-d0ec-424c-89d6-17c356424bbb,cosset.kids,available,6.79,19.99,high,low,6,namesilo,,,21/09/2026 13:00
d5d37a37-65b5-4f10-b8ab-e8f36e8632d5,calendar.legal,available,55.2,55.2,high,medium,8,cloudflare,,,01/10/2026 11:43
c57bd17c-37e7-4727-a5a0-e8fdb2477a61,quash.osaka,available,32.98,41.98,medium,low,5,namecheap,,,13/09/2026 06:42
fc94a7d9-1fbf-438c-badc-2feb997045da,grandstand.one,available,20.36,20.55,high,low,10,dynadot,,,03/10/2026 00:14
c1719f84-0529-4000-9407-47eab931010b,impound.eco,available,72.98,101.98,high,low,7,namecheap,,,12/08/2026 21:04
0f417026-bf1d-452a-96e7-545cfdc33e23,toad.surgery,available,57.98,68.98,high,low,4,namecheap,,,05/08/2026 21:06
f6440a77-9de3-45a9-962a-26023599d8a6,understand.pics,available,1.24,26.08,high,low,10,spaceship,,,30/09/2026 18:59
1c409cc5-0ad8-4b0f-8d44-2b0dfee5ad6a,puddle.earth,premium,29.5,29.5,high,low,6,namesilo,,,13/09/2026 09:43
cf84451b-f91d-408b-8dba-a59bcf9eabf9,impulse.sale,premium,68.51,68.51,high,low,7,spaceship,,,29/09/2026 07:26
cd43a654-58b8-4ff3-bcb6-992e38a7d6dc,lustre.space,premium,81.25,325,high,high,6,namecheap,,,27/09/2026 05:33
333ac64b-09ee-49bd-b58f-c243299fc199,declare.photo,available,29.99,29.99,high,low,7,namesilo,,,27/09/2026 16:32
e4d77ea7-7191-465e-9f73-1e35532ce8ae,headlong.day,available,12.98,16.98,medium,low,8,namecheap,,,21/08/2026 01:16
75762301-be2a-4907-b47c-6debb9c907c6,collect.lawyer,premium,3250,3250,high,low,7,namecheap,,,27/09/2026 06:57
7dc609e2-d78e-4ba1-811c-4db769fdc3df,banquet.wine,available,9.99,59.99,high,low,7,namesilo,,,22/09/2026 02:59
a236ff0d-532b-4817-8b75-137f5fb9a361,trollop.bike,available,12.99,38.99,medium,low,7,namesilo,,,17/09/2026 10:23
2f4ced0d-1e00-42e1-b713-888995243549,impress.talk,available,38.99,38.99,high,low,7,namesilo,,,29/09/2026 23:37
375b2724-3fb9-4821-b484-e6f2fbf44311,symbolise.app,available,,,high,high,9,,,,
c0786d2f-612e-474c-b7f6-5c46d177014f,outflank.prof,available,25.98,29.38,medium,low,8,namecheap,,,09/08/2026 17:48
8bce200e-b410-4eb5-a844-c53619bf1603,wheedle.charity,available,14.99,23.99,medium,low,7,namesilo,,,24/09/2026 04:07
6b6f1c69-fbb2-4dff-8b85-0e97793deecd,leg.accountant,premium,517.7,67.48,high,low,3,spaceship,,,30/09/2026 02:45
ffb008a8-ba64-4953-9f54-3b9c0a441e62,thrust.im,available,4.98,12.98,high,low,6,namecheap,,,25/09/2026 00:11
854c050b-d199-4f75-9790-8e58b94b546c,organize.lgbt,available,11.98,93.98,high,low,8,namecheap,,,23/09/2026 23:13
28768ec0-084a-4ecc-8717-3e4efdfab392,jibe.guide,available,41.49,41.49,medium,low,4,namesilo,,,22/09/2026 04:14
58da1973-3b33-4147-b1d0-eadaffb109ea,comma.associates,available,18.99,38.99,high,low,5,namesilo,,,24/09/2026 16:27
7c0ddebe-83a6-43c0-93b3-297e6ba6f0be,infirm.promo,available,19.99,35.99,medium,low,6,name.com,,,13/08/2026 20:32
3e6eaca0-0e20-4510-ad7d-e4c80cfc8ec5,graphite.villas,available,59.99,59.99,high,low,8,namesilo,,,24/09/2026 01:02
7feb9db4-49b1-41db-9612-cbe4f4477b02,countersign.cloud,available,,,high,medium,11,,,,
944d8b5f-9b62-48d5-b78c-8fd4ee7c2b5d,blackmail.rodeo,available,12.99,12.99,high,low,9,namesilo,,,24/09/2026 02:52
07fd4be9-97bb-419a-8096-d6aa3f364112,decease.co,premium,325,325,medium,low,7,namecheap,,,24/09/2026 19:36
7470fe45-cee5-4773-bd66-6f9905635c34,retract.kiwi,available,21.41,21.41,medium,low,7,dynadot,,,01/10/2026 04:08
d810dacf-46ce-4e5c-b835-56da1b5a3310,mete.supply,available,27.48,33.48,high,low,4,namecheap,,,10/08/2026 19:54
1c11da71-c2c3-4f79-acea-295756e73a9b,stress.cam,premium,1875,,high,low,6,name.com,,,28/09/2026 17:21
4c67e2ef-8259-4265-889e-0f9f44d17a51,resolve.pub,available,33.08,33.08,high,low,7,dynadot,,,28/09/2026 01:54
497ba831-4ae0-4393-bc72-e0780ce9efe1,lounge.talk,premium,71.4,71.4,high,low,6,namesilo,,,11/09/2026 08:25
9b964b54-0522-4dc6-ab12-ea6a46a85b23,surrogate.new,available,488.98,601.98,high,low,9,namecheap,,,22/09/2026 02:27
614bd73a-1a9b-4555-a680-08deb72f8a30,caper.courses,available,2.19,38.99,high,low,5,namesilo,,,22/09/2026 06:32
6ace7f34-062f-4d4a-9e6d-c2a44b9edf46,revisit.consulting,available,26.5,,high,low,7,unstoppable,,,02/10/2026 17:16
2e622b46-93da-46ee-bcda-ceff5bd8e06e,crease.best,available,2.28,29.98,high,low,6,namecheap,,,13/08/2026 07:14
fc05e924-639b-4cf5-9695-45c6add6c995,proportion.golf,available,7.49,64.99,high,low,10,namesilo,,,30/09/2026 07:43
4a516a65-a79a-4587-84cb-126a6fd0ac14,eviscerate.broker,available,11.98,47.98,medium,low,10,namecheap,,,17/08/2026 15:10
b73ccb32-4e7a-4e74-8316-8342ce559bb1,petition.date,available,4.18,5.18,high,low,8,cloudflare,,,28/09/2026 10:38
4b662ed3-362a-426a-b235-8dc7dbebb711,fingerprint.computer,available,22.5,,high,low,11,unstoppable,,,29/09/2026 08:29
1a6364c9-f8c1-4d35-9b71-7f6f55677649,phony.lifestyle,premium,91,130,medium,low,5,namecheap,,,08/08/2026 23:09
b8d0ab84-da5e-4d98-a031-1f77f8f306c5,lateral.hockey,available,14.99,77.99,high,low,7,name.com,,,22/08/2026 20:34
78314ead-eb84-40fb-8598-334fbd055e61,disunite.dog,available,5.98,86.98,medium,low,8,namecheap,,,14/08/2026 11:14
8ebfe4c4-e3dd-4b7f-8fce-b4afcfcbc0ed,develop.coupons,available,2.57,43.77,high,low,7,porkbun,,,30/09/2026 13:46
34c19538-e91f-4ca7-b8c7-095e2bbe3852,starve.limited,available,28.2,28.2,medium,low,6,cloudflare,,,28/09/2026 19:47
3f59532b-b297-483b-997c-7859bb023058,buffer.cheap,available,8.99,36.49,high,low,6,namesilo,,,29/09/2026 05:06
8ba863ba-2ee9-47d7-b084-47be399ff66d,firm.eu,resell,,,high,low,4,"Name: Dynadot, LLC Website: https://www.dynadot.com/domain/eu.html",,,02/10/2026 12:23
fd49da2b-d80f-435e-927b-ef5404549aed,hypo.storage,available,509.99,529.99,high,low,4,namesilo,,,21/08/2026 17:15
8e8de185-4947-4293-8095-c1658845245d,acronym.exposed,available,17.8,17.8,high,low,7,spaceship,,,28/09/2026 18:01
f937dc2c-1712-4969-ae97-d59d6d84a9e2,evolve.best,resell,,,high,medium,6,Dynadot Inc,20/02/2026 00:04,20/02/2027 23:59,30/09/2026 19:18
be9c8f4d-2b71-4329-ae99-06ea3054c206,poise.vodka,available,33.98,43.98,high,low,5,namecheap,,,19/09/2026 17:50
378c62f3-2a9b-4bda-9bca-8717507ec91e,fault.contractors,available,9.99,45.99,high,low,5,name.com,,,10/08/2026 12:51
ddf5305a-8d3d-48b1-a69f-c24e006acb29,brusque.kids,premium,53.92,21.24,medium,low,7,namesilo,,,11/08/2026 07:02
883e8842-349f-48aa-9b63-5e70b7a62124,appall.it,available,25.99,25.99,medium,low,6,name.com,,,18/09/2026 01:55
d7b6ce2b-c38b-40ea-88f7-d771c6ed7eff,substitute.shopping,available,26.99,26.99,high,low,10,namesilo,,,22/09/2026 02:40
7b800b96-d68d-45ae-87c2-6afd032382b8,commix.cat,available,26.98,38.98,medium,low,6,namecheap,,,
fe41f07b-ec70-42c5-9edf-7507d56835f8,refuge.gives,available,7.48,37.98,high,low,6,namecheap,,,20/09/2026 18:32
01f52f03-0b08-4b62-9db7-ba2cc0ea1867,upgrade.loan,premium,1300,130,high,low,7,namecheap,,,16/09/2026 22:42
36130e1a-0881-4a5b-8194-4eeac4d56dc1,badge.zone,resell,,,high,low,5,"Sav.com, LLC - 24",27/09/2025 15:15,27/09/2027 15:15,01/10/2026 06:52
a2d78a8b-c15c-4e8d-84da-1345e598602c,dismay.camera,available,46.78,46.78,medium,low,6,spaceship,,,28/09/2026 20:03
f60d28a1-8d19-46df-a7b6-1d89d361aad4,ornament.download,premium,448,53.92,high,low,8,namesilo,,,30/09/2026 09:20
2d4b4285-d278-43fd-baa0-13cbe3d327e1,obtain.direct,available,32.2,32.2,high,low,6,cloudflare,,,30/09/2026 21:13
53f004f6-a8ce-465a-b280-12f5fc435616,unfit.gripe,available,6.98,8.98,medium,low,5,namecheap,,,12/09/2026 10:23
059b29d8-5b1f-46b1-a0c1-c05554af6803,reprobate.rehab,available,14.99,52.99,medium,low,9,name.com,,,14/08/2026 02:38
60845b49-a7ff-4706-b79f-0da1577b0f96,fever.immobilien,available,39.98,43.98,high,low,5,namecheap,,,29/09/2026 19:05
10df26a8-78b9-4f83-8319-4fdd540d4e7e,gang.video,available,28.2,28.2,high,low,4,cloudflare,,,29/09/2026 20:39
20c38dc5-b62c-413f-8411-d4c45853faff,weep.hiv,available,195.99,195.99,high,low,4,namesilo,,,29/09/2026 14:16
50ca2d0b-a92a-433d-9c81-94f24f165de6,licence.tours,available,5.98,81.98,high,low,7,namecheap,,,01/10/2026 02:54
33ec6cb1-344a-4913-b2c7-7598078da205,gout.rocks,available,17.2,17.2,medium,low,4,cloudflare,,,03/10/2026 01:01
42fa7174-a790-4e11-abfd-d812b6925b63,nicodemus.help,available,2.19,32.49,high,low,9,namesilo,,,03/10/2026 03:43
f8c77888-e602-454a-ba9d-01f921229b7d,rebuff.sbs,available,1.54,25.98,medium,low,6,namecheap,,,10/09/2026 10:49
a589232a-a444-4a5c-937a-06b2fb8e65d0,finish.racing,premium,116,116,high,low,6,namesilo,,,08/09/2026 15:33
40b8a2ce-ea74-4fa8-b27f-2ff697de2475,illegalize.dev,available,10.98,20.98,medium,low,10,namecheap,,,04/09/2026 19:26
24f54c70-c8c2-427c-ac73-3f0d6c5de523,citify.store,available,,,high,high,6,,,,
6d40e399-0807-4990-a12a-09bd91b4d907,swordfish.top,premium,49.14,49.14,high,low,9,namesilo,,,02/10/2026 06:32
d418321f-e7b5-46bd-b386-2ed2d340d99a,sharpen.my,available,2.28,25.88,high,low,7,spaceship,,,03/10/2026 02:36
6bb1851b-83bd-4847-a825-e9e1fbe7bd5e,necklace.sarl,available,5.66,5.66,high,low,8,porkbun,,,27/09/2026 14:59
5fe609a0-84a1-4f66-abfb-249275b91160,fawn.computer,available,22.5,,high,low,4,unstoppable,,,02/10/2026 15:10
c3c8d124-2346-4d38-9919-35cf957838d8,obnubilate.computer,available,22.48,48.98,low,low,10,namecheap,,,03/09/2026 23:55
a997ccda-895e-4ff2-b997-8aba5201e8ab,zoom.college,available,10.3,52.01,high,medium,4,porkbun,,,28/09/2026 15:12
75763aaa-791b-41eb-b2bd-bb801ffa1c4c,bamboo.talk,available,38.99,38.99,high,medium,6,namesilo,,,22/09/2026 00:40
146cf77d-d7af-4a06-98e6-a11bbf59dbf5,letter.center,available,5.99,32.49,high,low,6,namesilo,,,01/10/2026 16:52
bfaf1f69-2d8b-4ab4-a2be-1f1546fd3273,withhold.hospital,available,44.2,44.2,high,low,8,cloudflare,,,30/09/2026 19:13
8d8d74fa-14fb-495a-872f-31b32f5479d9,phony.direct,available,14.98,53.98,medium,low,5,namecheap,,,08/08/2026 23:09
30b8cd7c-002f-455e-9ef9-90d233c84e4f,bullet.win,premium,448,53.92,high,low,6,namesilo,,,29/09/2026 05:18
415dec1e-0eb1-410c-b176-c7e51120025d,moonlight.events,resell,,,high,low,9,"Sav.com, LLC - 24",21/06/2026 15:15,21/06/2027 15:15,30/09/2026 05:14
8258b89d-e0a1-463f-ba51-c37f19d740bc,tub.observer,premium,11.8,11.8,high,low,3,namesilo,,,29/09/2026 01:33
c903f942-2c28-49a8-9b06-055d129a2225,sperm.hamburg,available,69.98,73.98,high,low,5,namecheap,,,30/09/2026 11:38
bf803dd2-b9c7-4aeb-afed-77bd8a0e2863,translate.financial,available,45.2,45.2,high,low,9,cloudflare,,,28/09/2026 06:59
06f800ce-8bb1-43d5-b6b2-898df3c085ca,closet.dog,available,5.98,86.98,high,low,6,namecheap,,,24/09/2026 15:59
043c174b-a3ea-4a77-954b-e66df7d4949d,deflect.video,available,8.24,29.35,high,low,7,porkbun,,,02/10/2026 16:20
bb9a9cd5-16b7-4ab7-abdc-5ede7f29ccb2,cheap.hamburg,available,69.98,73.98,high,low,5,namecheap,,,23/09/2026 11:03
b9001177-4fad-4afa-956f-88ff560377c9,export.you,premium,53.92,53.92,high,low,6,namesilo,,,29/09/2026 18:42
4a6a93f4-2408-492a-863d-ef78fe74c88d,articulate.games,available,33.99,33.99,high,low,10,namesilo,,,22/09/2026 08:42
4919b269-a8b2-4520-984a-e3a79705a41e,tint.actor,available,34.2,34.2,high,low,4,cloudflare,,,02/10/2026 16:59
7e357848-5e51-4076-9970-e413b36644e1,apartheid.zone,available,12.99,38.99,high,low,9,namesilo,,,19/09/2026 16:15
a1d4effc-9572-4861-bf97-8537b5fd2c8b,notch.ski,available,50.2,50.2,high,low,5,cloudflare,,,28/09/2026 10:27
678fcc13-d599-4ff4-805c-160536f4c529,distress.gifts,available,28.2,28.2,high,low,8,cloudflare,,,29/09/2026 16:17
dff03bee-ee10-4f32-801b-37394e919bf3,traduce.ski,available,39.99,86.99,medium,low,7,name.com,,,24/08/2026 14:06
e642d704-858f-424b-b297-54a0c41c77dd,devise.salon,available,57.99,57.99,high,low,6,namesilo,,,29/09/2026 14:42
b59771bb-b0e8-4026-9fe6-3f4f1ee9f3e2,melee.beauty,available,1.99,17.29,high,low,5,namesilo,,,22/09/2026 16:23
3cbb7866-bf7d-4da1-a415-e9082f000285,prosecute.capital,available,8.98,89.98,high,low,9,namecheap,,,29/09/2026 20:42
ae6dc5b6-9d5c-440b-9dee-df5b821b9bb4,squint.supply,available,25.99,25.99,medium,low,6,namesilo,,,07/08/2026 03:15
f9889a58-970c-4b4e-b8c4-ef51f8eef274,barrel.flights,available,58.99,58.99,high,low,6,namesilo,,,22/09/2026 08:08
98259cb2-dc9d-44be-888e-9ebcdec9bf44,depart.support,available,21.2,21.2,high,low,6,cloudflare,,,28/09/2026 20:27
8279f0be-d426-4c38-8cec-dd3133eed930,clop.reisen,available,3.99,20.99,medium,low,4,namesilo,,,15/09/2026 20:47
37b046e3-691f-48e0-b0b9-5975e10b770f,defence.game,available,300.2,300.2,high,low,7,cloudflare,,,29/09/2026 13:32
474e12e4-1d4e-4d33-9e5a-37fd53a3d841,thwack.boats,available,1.8,21.98,medium,low,6,namecheap,,,16/09/2026 02:47
f3b1433c-7a12-4ac0-a663-708c003cb2c0,truncate.lat,available,1.8,40.98,high,low,8,namecheap,,,11/09/2026 20:40
c554bad5-5bc0-4e48-9455-0e86cbd245c2,eyewitness.hosting,available,310.98,437.98,high,low,10,namecheap,,,29/09/2026 18:49
fd8c74cb-7847-4363-a649-186af00f7d59,give.diy,premium,875,,high,low,4,name.com,,,29/09/2026 07:45
4f0973a2-37b0-4fce-9ea9-2a7785503d25,draught.directory,available,4.34,21.94,high,low,7,spaceship,,,02/10/2026 04:06
0a147319-5bf3-45d2-a1d5-77d759c7df7f,servo.sale,available,5.98,48.98,high,low,5,namecheap,,,10/09/2026 04:57
f8b14085-556b-4ecf-8e27-8ca402793384,jewelry.hiv,available,195.99,195.99,high,low,7,namesilo,,,30/09/2026 00:51
93c116c1-9413-451d-bda7-63a3e5e5e751,helicopter.flowers,available,64.99,114.99,high,low,10,namesilo,,,25/09/2026 05:19
3012f8b3-87ea-4a40-9c4d-5254070d9d16,halal.cab,available,32.99,32.99,high,low,5,namesilo,,,27/09/2026 06:59
ef023d7f-a47f-4655-9870-a659f1137659,stench.limited,available,28.2,28.2,medium,low,6,cloudflare,,,02/10/2026 04:49
5404453d-a662-47bf-a9c6-a5a90711bb9c,reduce.diet,available,104.99,114.99,high,low,6,namesilo,,,24/09/2026 08:28
0ca39747-7bbf-4416-96a6-1468a6449cc8,unplug.sale,available,5.38,31.25,high,low,6,spaceship,,,29/09/2026 15:31
c6880b03-8617-44f3-9218-103007660be8,conveyance.yachts,available,1.24,13.97,high,low,10,spaceship,,,01/10/2026 02:33
2d1cd9cd-7de1-4495-a3f9-a8e6f31c4c73,splay.ca,available,9.99,9.99,medium,low,5,namesilo,,,10/09/2026 16:06
6318dea4-1283-44e7-bf97-c4434ee31d69,plague.schule,available,22.2,22.2,medium,low,6,cloudflare,,,29/09/2026 02:58
f0a4bd4a-9ef1-467c-a19a-16e3465123c6,slip.degree,available,52.99,52.99,high,low,4,namesilo,,,27/09/2026 22:41
5c69bd54-bc38-43ed-b8dc-392f192de586,tussle.help,available,2.8,43.98,high,medium,6,namecheap,,,09/09/2026 18:55
e3693c49-cd2b-4855-b677-25dc3460d6fd,pickaback.actor,available,9.48,54.98,medium,low,9,namecheap,,,15/09/2026 19:48
a56e5602-4669-4eb1-922d-6ab83b39eb09,ballpark.nexus,available,16.99,16.99,high,low,8,name.com,,,19/09/2026 22:25
964218fc-e2ae-45b3-8895-eaaa5a04ac68,auspicate.haus,available,14.99,33.99,medium,low,9,namesilo,,,21/09/2026 03:29
15fbf2d8-2318-4bcf-be0b-1762efdfe5b4,escape.buzz,premium,116,53.92,high,low,6,namesilo,,,24/09/2026 23:22
5e87fe2b-2bb9-48f9-9466-81e6ca243b78,blister.exposed,available,17.8,17.8,medium,low,7,spaceship,,,02/10/2026 01:57
f8988eb9-ea74-4fad-aeda-f5f1cc3085ee,scholarship.ag,available,77.98,77.98,high,low,11,porkbun,,,02/10/2026 12:27
10aa6264-10ea-42dc-99cd-55c6e249dd95,hostess.hiphop,available,23.99,23.99,high,low,7,namesilo,,,17/09/2026 22:27
4057c279-367c-425d-b1fb-a11074a828ba,manure.country,available,2140.22,2140.22,high,low,6,dynadot,,,30/09/2026 10:32
9e68a761-3b00-4470-9a2d-aafd93f08dfc,nuke.singles,available,3.98,36.98,high,low,4,namecheap,,,21/09/2026 00:16
4c392d11-7123-44cf-b245-a698601bbd89,hold.accountants,available,117.99,117.99,high,low,4,namesilo,,,24/09/2026 23:26
1a833afb-19d1-40f7-96be-463dbf308009,barycenter.dog,available,7.49,64.99,medium,low,10,namesilo,,,22/09/2026 09:39
eaf38bee-a85d-4887-a79c-56f76e20c1f9,intertwine.at,available,,,high,high,10,,,,
57fc75cb-be54-4297-bd32-d771fe9ab02b,spock.horse,available,33.98,43.98,high,low,5,namecheap,,,23/09/2026 08:25
10e3773f-c729-4bfe-b506-75f27cab9757,census.vegas,available,12.99,43.99,high,low,6,namesilo,,,24/09/2026 13:32
794191e2-9c7e-41d2-a8f2-16556f7e318c,rendition.bot,available,51.95,51.95,high,low,9,spaceship,,,02/10/2026 05:24
6ba726ce-1250-48ca-8979-29fcfd6a5057,clorox.tel,premium,10.62,10.62,high,low,6,namesilo,,,24/09/2026 15:53
fa11708d-e968-4af1-97b1-da0261aa3f6d,fisheye.feedback,available,9.98,489.98,high,low,7,namecheap,,,18/08/2026 05:28
e9e23489-da31-479b-b069-63a3837506f5,revision.gifts,available,38.48,47.48,high,low,8,namecheap,,,29/09/2026 20:11
1fdeb7f1-5140-4ea7-bb87-c703c00d63a2,untidy.channel,available,12.98,16.48,medium,low,6,namecheap,,,12/09/2026 21:22
a9298c19-348e-4b16-869f-63960541e4b9,oblige.education,available,34.99,34.99,high,low,6,namesilo,,,03/09/2026 23:41
87f988de-ecc4-4f61-957a-cbcd696c414b,whore.band,available,29.99,41.99,high,low,5,name.com,,,13/08/2026 14:16
20ffa61b-0f5e-4d9a-a70f-e636d7ef05d5,catenulate.christmas,available,1.8,49.98,medium,low,10,namecheap,,,11/08/2026 21:32
749fa5b9-9f58-4019-8eb9-bba593fca055,warfare.icu,available,2.79,26.98,high,low,7,namecheap,,,30/09/2026 14:38
a9d6f95f-63ec-48de-9444-d7a5810b83d4,rarefy.watch,available,3.48,56.98,medium,low,6,namecheap,,,07/08/2026 15:31
09c0df85-bc18-490d-93d3-57352753fcbc,abrupt.film,premium,125,125,high,low,6,name.com,,,
d20f6080-ee14-44f3-9cc2-62553fce360c,awaken.bz,available,21.98,26.98,high,low,6,namecheap,,,22/09/2026 14:40
a2e7db7a-7cbf-4db0-b70e-9d4c364b226d,redeem.ngo,available,15.2,15.2,high,low,6,cloudflare,,,30/09/2026 02:39
7a335ac6-78aa-4257-bb77-ea120d046e0c,ambition.hamburg,available,69.98,73.98,high,low,8,namecheap,,,18/09/2026 16:53
c4d7033f-c9ea-4f8d-b68c-ce4d208a4f4f,antidote.nexus,available,12.98,15.98,high,low,8,namecheap,,,19/09/2026 14:20
e5038d4d-c6ce-4443-93bc-e49b03296ae7,resume.spot,premium,116,116,high,low,6,namesilo,,,24/09/2026 04:16
cc723f4d-407a-4d79-88bf-0eec75847786,snippet.college,available,17.99,59.99,high,low,7,namesilo,,,30/09/2026 11:22
4bc8ad3b-d2a9-4599-ad36-8de4cfdbe09c,ballyhoo.fm,available,69.98,118.98,high,low,8,namecheap,,,21/09/2026 23:32
9e2697ff-fe09-4a2e-9be3-b3be90efdc46,recount.io,resell,,,high,low,7,Dynadot Inc,21/07/2019 14:35,21/07/2027 14:35,30/09/2026 18:26
e52ce7a4-7f9c-4372-b3a7-c66603931285,devote.wtf,available,2.57,29.35,high,low,6,porkbun,,,30/09/2026 18:31
ce6c06d0-9e32-457e-bbaf-b130a62f2b2a,overcoat.green,available,10.55,64.37,high,low,8,spaceship,,,01/10/2026 19:51
7d31c421-0554-4774-bee7-bc218ee761db,stockholm.clothing,available,26.08,26.08,high,low,9,spaceship,,,29/09/2026 07:01
911e8073-514c-40d9-8dec-cb89f23df6a2,ensure.events,available,15.99,45.99,high,low,6,namesilo,,,30/09/2026 15:26
fe8cc474-9063-4069-8cdb-b1e342b1bc1b,darn.melbourne,available,84.99,84.99,high,low,4,name.com,,,13/08/2026 16:10
2e2e271e-f9c4-4bf8-84bd-215e07d5539c,chunk.hot,available,41.6,41.6,medium,low,5,spaceship,,,29/09/2026 06:21
2dbce6f5-5779-44bb-8b74-2dd54f19241b,arson.tattoo,available,34.99,34.99,high,low,5,namesilo,,,20/09/2026 09:43
6db65f60-c9e5-48ad-97c8-e2a923d8f1fd,caper.top,premium,49.14,49.14,high,low,5,namesilo,,,22/09/2026 06:32
f048214e-2d6c-453c-9874-bc1aa2b20944,newscast.schule,available,28.99,28.99,high,low,8,namesilo,,,02/10/2026 16:11
2a5069da-54fc-4445-b68d-e5187c4dbb65,sunburn.berlin,available,79.98,89.98,high,low,7,namecheap,,,11/09/2026 07:53
de715064-5b8a-4a30-b3c9-30575b74224e,suggest.ing,premium,3000.2,,high,low,7,unstoppable,,,29/09/2026 22:49
7845e5d8-3eb2-4e43-aa68-774525d11ef4,exist.accountant,premium,382.61,55.11,high,low,5,porkbun,,,30/09/2026 19:30
b1dc8d19-c835-49c4-87c0-14203980b702,proportion.webcam,available,10.9,10.9,high,low,10,dynadot,,,30/09/2026 07:43
c756ebe1-9e2e-4c61-af4f-3ed35cdc680e,puppy.fishing,available,26.08,26.08,high,low,5,spaceship,,,27/09/2026 15:27
e9cdc519-4aa4-4efb-aed5-11f4fd99f178,clemson.express,available,9.98,49.98,high,low,7,namecheap,,,27/09/2026 07:07
7ea7d798-ffd2-4bce-9b01-3346237a62b9,villain.clothing,available,32.99,32.99,high,low,7,namesilo,,,21/09/2026 16:58
80e334d0-811d-4ecd-a67a-2218882e2463,desk.sex,available,69.98,154.98,high,low,4,namecheap,,,08/09/2026 08:30
fa97a68a-4de3-4140-9878-8b54bd77f305,inchoate.club,premium,29.5,17.7,medium,low,8,namesilo,,,22/08/2026 01:16
0795b72e-8f87-4587-8276-0539c2fabb70,reembark.cloud,available,,,high,high,8,,,,
41b3f3af-ff2d-48d4-afc1-817d135842f6,urine.kiwi,available,31.98,35.68,high,low,5,namecheap,,,28/09/2026 02:54
dd7b1364-d840-407c-a6d5-3f2c987ebfdd,stockholm.broker,available,10.55,29.18,high,low,9,spaceship,,,29/09/2026 07:01
b2b0d4e8-a04e-4614-a2e4-447992697ec3,liberate.luxe,available,19.49,19.49,high,low,8,namesilo,,,18/08/2026 14:32
8da72328-53e4-45c6-b740-1961ddc88e22,composite.biz,premium,29.5,21.24,high,low,9,namesilo,,,23/09/2026 17:39
0ce26da1-f600-49cc-9eae-ede591639e20,flatfoot.ong,available,18.98,24.98,medium,low,8,namecheap,,,10/09/2026 16:10
0684604d-6e0c-424e-aaad-506db7e81f62,geniculate.limited,available,14.99,52.99,medium,low,10,name.com,,,18/08/2026 21:38
920474a1-9879-47c6-92ef-24197b39b035,ramshackle.repair,available,5.98,47.48,high,low,10,namecheap,,,11/08/2026 05:22
c651e615-a3d2-4536-82ad-b183a226cd76,strengthen.courses,available,1.5,32.32,high,low,10,dynadot,,,30/09/2026 15:38
38cc5930-f151-413a-b92d-5ee251954d17,showroom.review,premium,1107,116,high,low,8,namesilo,,,30/09/2026 02:32
5dbec0c4-3a90-4fa4-a659-3885d70ee3ea,calender.codes,available,3.98,92.98,high,low,8,namecheap,,,29/09/2026 05:50
25c34f69-6d5a-4cf7-89ea-598993f0b11a,intimate.audio,available,104.99,114.99,high,low,8,namesilo,,,25/09/2026 10:27
70f67bf9-e0a2-4c26-a61c-dd23927841b0,popcorn.mba,available,30.2,30.2,high,medium,7,cloudflare,,,28/09/2026 20:12
01e3cf14-8947-4e79-89ce-488ac6d30a97,revoke.photo,available,26.08,26.08,high,low,6,spaceship,,,01/10/2026 19:06
7724edfe-7245-47c7-bcb6-a84c5491e8fd,bleed.quest,available,1.24,13.97,medium,low,5,spaceship,,,28/09/2026 14:26
6e6d8941-2979-4861-9d58-9cb309c6edaa,thug.immo,available,36.98,43.98,medium,low,4,namecheap,,,27/09/2026 08:15
9dbb1e1d-a15c-4c02-a9ea-5f14a1c32d08,emphasise.site,available,2.99,38.5,high,low,9,namesilo,,,16/09/2026 21:53
76d930c6-1204-4bc4-b2a6-765579c4caf7,downcast.marketing,available,6.98,53.98,medium,low,8,namecheap,,,14/08/2026 17:33
af7b418f-8364-44e1-bb42-e5cd701b2d01,subordinate.lat,available,1.54,26.26,high,low,11,porkbun,,,30/09/2026 11:42
0e2d5dde-2cb1-4bb3-9d8e-04f871b49a15,disarm.garden,available,2.19,32.49,high,low,6,namesilo,,,30/09/2026 11:23
46025b49-d42a-4ddb-8d70-186dd293dea5,thwack.top,available,1.88,4.88,medium,low,6,namesilo,,,16/09/2026 02:47
987ddc65-820c-4964-a92c-0d93500cacab,deck.zip,premium,129.2,167.7,high,low,4,unstoppable,,,29/09/2026 13:27
37db8543-1645-494d-9496-ffdba5b60ce8,disfigure.fund,available,14.99,71.99,medium,low,9,namesilo,,,24/09/2026 05:36
5d5f14b6-3665-4c8c-a48f-eaae4790f231,tandem.training,available,8.98,53.98,high,low,6,namecheap,,,15/09/2026 06:56
e022b099-69e0-414c-b54f-1060b02f1003,hie.blog,premium,1625,6500,medium,low,3,namecheap,,,09/09/2026 19:49
abc1de15-a94f-4846-8989-45a8401b7c02,disembark.app,available,10.99,16.99,high,high,9,namesilo,,,27/09/2026 06:04
5fd6695d-1686-47b5-88e4-64e51ee5b5f8,rebuild.hiv,available,184.9,184.9,high,low,7,spaceship,,,28/09/2026 06:58
c3db2ee5-fc4c-44dc-ab82-51ae69739559,ocr.fitness,available,8.99,41.99,high,low,3,namesilo,,,02/10/2026 06:47
7bd23f46-45fa-4998-bd14-e66ef272f739,enlist.rentals,available,10.99,44.49,high,low,6,namesilo,,,29/09/2026 20:42
163a0658-240f-43f3-abcb-0530c71bedb9,bangle.show,available,18.99,44.49,high,low,6,namesilo,,,22/09/2026 01:57
c2a3ca24-8c07-4535-97ef-6d46da7b274d,straighten.solar,available,64.99,64.99,high,low,10,namesilo,,,11/09/2026 15:43
900c9ab2-0567-4ad5-b1ac-eace3164b685,rail.site,premium,1107,1107,high,low,4,namesilo,,,29/09/2026 20:10
3938b3a1-83dc-40fb-8362-40eb290b0de8,landslide.promo,available,14.49,24.99,high,low,9,namesilo,,,30/09/2026 02:07
ae864b80-1ebe-46ad-957e-3e3b25c06597,charioteer.webcam,available,11.99,11.99,medium,low,10,namesilo,,,21/09/2026 04:25
b08a59b5-9c47-433c-9c96-096c5845f84d,tradition.healthcare,available,70.58,70.58,high,low,9,spaceship,,,30/09/2026 13:45
f914db11-a2bd-47d5-972b-5f9e05300d89,charm.cfd,premium,390,780,high,low,5,namecheap,,,19/09/2026 20:23
47401d43-1ee8-4dde-85e3-93c56014b013,bargain.show,available,14.17,35.39,high,low,7,spaceship,,,29/09/2026 01:09
8f2efa82-238e-4572-a5ba-c56be43a81c3,piecemeal.media,available,5.98,58.98,high,low,9,namecheap,,,10/08/2026 07:07
a800dd2e-2225-4a99-aa27-0ec2f879666d,okeh.motorcycles,available,1.8,21.98,high,low,4,namecheap,,,03/09/2026 23:21
01965e7b-e28d-4fd2-81cc-7ca3c45087f3,excuse.dog,available,7.49,64.99,high,low,6,namesilo,,,25/09/2026 22:39
423ace8e-e32f-4317-b0db-7dbc68d41e38,flag.democrat,available,7.25,32.99,high,low,4,namesilo,,,25/09/2026 00:12
4c1a6a21-f18b-4451-bdfb-7f41e2fa8da4,guffaw.republican,available,5.98,43.98,high,low,6,namecheap,,,23/09/2026 06:41
934b3de1-42ea-4214-a9ee-32e1845cf8ee,submit.finance,available,50.2,50.2,high,low,6,cloudflare,,,27/09/2026 16:26
832a6378-46d1-4576-9d57-e0539c4c3c7a,stat.limo,available,10.92,45.16,high,low,4,dynadot,,,01/10/2026 11:22
9001d9dc-5009-4905-9671-df6513028378,downmarket.vin,available,6.98,75.98,medium,low,10,namecheap,,,14/08/2026 17:48
4e729de4-e02b-448b-8b93-7cc1cb421383,unsafe.school,available,9.99,46.99,medium,low,6,name.com,,,13/08/2026 17:17
d20c031b-2702-4470-90dc-17614d2202a4,dampen.cab,available,23.99,43.99,medium,low,6,name.com,,,13/08/2026 16:53
479fb3fe-2ff8-476a-9997-56ca3dc211a2,throat.prof,premium,63.7,63.7,high,low,6,namecheap,,,26/09/2026 00:01
403dcc3c-67fd-42d0-94ab-1c61fb9bb5db,grade.inc,premium,2061.5,2660,high,low,5,namesilo,,,27/09/2026 06:58
d5156ad4-d75f-4817-ba2f-d0cf83329516,presage.new,available,488.98,601.98,high,low,7,namecheap,,,09/09/2026 02:57
4e40d7d5-8039-4923-8585-bbaf0b84f6b2,venom.holiday,available,51.95,51.95,high,low,5,spaceship,,,29/09/2026 07:31
7677bea3-8d6b-42cb-ac5f-4f4692755045,lavish.reviews,available,7.99,81.99,high,low,6,name.com,,,22/08/2026 21:07
b5a14779-fa79-40e1-ac87-516baea9c3ca,cabin.schule,available,28.99,28.99,high,low,5,namesilo,,,24/09/2026 11:32
9f01c468-0453-433d-aa55-1d935207c434,serve.schule,available,22.97,22.97,high,low,5,spaceship,,,29/09/2026 15:49
63c19f6d-4ec4-4a67-939a-bef083d40679,dishonour.sucks,available,218.99,218.99,medium,low,9,namesilo,,,29/09/2026 15:45
91a3dc03-676a-4c1c-a0e7-1f9008d899f6,confine.memorial,available,52.99,52.99,medium,low,7,namesilo,,,02/10/2026 15:57
6de57cd0-62fc-4fe1-be9e-56bddb00e580,banish.osaka,available,32.98,41.98,high,low,6,namecheap,,,24/09/2026 01:57
0874ae33-fad2-43ed-b655-6c41e2e78243,pork.fishing,premium,96,29.5,high,low,4,namesilo,,,26/09/2026 00:07
50421221-2fd0-4ba8-b9c2-b73598e11780,bunghole.sale,available,7.49,38.99,medium,low,8,namesilo,,,20/09/2026 09:34
e92560b3-0368-4b53-9827-475d92706e46,weep.qpon,premium,27.82,22.31,high,low,4,porkbun,,,29/09/2026 14:16
1fa046ee-31e7-477d-a76a-b3d3cc56f0ba,cousin.cooking,available,33.98,43.98,high,low,6,namecheap,,,24/09/2026 18:49
d5fb324b-c961-4bd2-95b7-ceeb85154b6d,turf.broker,available,8.24,30.18,high,low,4,dynadot,,,28/09/2026 05:54
4dc037dc-ff3c-4a13-8ca3-86b468086744,obtain.hospital,available,55.98,71.98,high,low,6,namecheap,,,30/09/2026 21:13
f2414ca8-22c1-4e0f-8d58-71846d9bf964,bivouac.fashion,available,32.49,32.49,medium,low,7,namesilo,,,11/08/2026 15:54
b061cc9d-3631-4cdd-a15d-5d0c29a117af,rematch.nexus,available,12.98,15.98,high,medium,7,namecheap,,,01/10/2026 21:30
4f0f0be9-7154-4b34-8525-36a10df2295d,recommend.pictures,available,12.2,12.2,high,low,9,cloudflare,,,28/09/2026 19:07
bd1a5eba-4a30-4879-b293-2e04d7f31b4d,understudy.esq,available,27,,high,low,10,unstoppable,,,03/10/2026 02:19
bf9e2231-5570-451d-a0e7-efc616d94793,aright.tech,premium,81.25,325,high,low,6,namecheap,,,13/09/2026 20:49
78e69004-c420-463a-96f8-e98bc1c8bd2c,onset.earth,available,18.99,18.99,high,low,5,namesilo,,,04/09/2026 14:29
1c576150-26ae-47c2-95bc-8d50567abae9,outline.diy,premium,640,640,high,low,7,namesilo,,,24/09/2026 23:45
d2bd0c13-55ca-44be-a550-c8067473a4f8,benumb.miami,available,23.49,23.49,medium,low,6,namesilo,,,03/09/2026 22:47
e8b6b51c-7645-4302-a7a6-330a902ed9a5,clench.tax,available,14.99,67.49,medium,low,6,namesilo,,,24/09/2026 15:33
88052a61-b6a2-4b4f-862d-1961c543fe9e,chocolate.webcam,premium,5175.2,103.7,high,low,9,spaceship,,,02/10/2026 13:11
3db138ef-215f-411d-be8e-355b6305c082,minimize.ac,available,25.88,46.58,high,low,8,spaceship,,,29/09/2026 20:40
c6475d69-4cdc-4f05-a3a7-01fbd3c98999,counterpart.estate,available,15.99,38.99,high,low,11,namesilo,,,30/09/2026 03:28
b87c10db-098b-4c22-adf4-272c598170c1,feedback.bar,premium,576,576,high,medium,8,namesilo,,,28/09/2026 14:09
9c71a213-7190-482b-8137-9f955f4ce62a,portrait.men,premium,382.61,55.11,high,low,8,porkbun,,,28/09/2026 02:57
ca909f46-09a6-4b8b-afda-2610cce4dd85,triple.channel,premium,61.27,61.27,high,low,6,spaceship,,,28/09/2026 02:16
dc5e0247-e619-449e-bac7-349c8e3c6bf0,phase.mom,premium,672.95,672.95,high,low,5,spaceship,,,30/09/2026 06:41
413121bb-1866-4eac-861f-116135286f3e,hunch.phd,available,27,,high,low,5,unstoppable,,,30/09/2026 10:11
f6cd4515-8eaf-447b-a8de-50482bc03bfd,disjoint.mom,available,1.8,45.98,medium,low,8,namecheap,,,14/08/2026 11:09
8e8b8d7b-212b-4b54-9aed-4940490b2522,snippet.gay,available,1.75,31.28,high,low,7,spaceship,,,30/09/2026 11:22
e8586d61-fd51-4294-82cc-955448a8c73a,courtesy.talk,premium,78,78,high,low,8,namecheap,,,24/09/2026 18:48
59a13379-3d5a-4b0a-babe-2cdbc3cbc779,prattle.love,available,9.99,28.99,medium,low,7,namesilo,,,23/09/2026 23:32
9f335bb8-f3f4-4707-a1df-62f234e0d519,shave.cricket,available,23.59,23.59,high,low,5,namesilo,,,08/09/2026 20:41
68a3a063-5750-4d1a-9efe-c004fb3edec9,text.theatre,available,899.99,999.99,high,medium,4,godaddy,,,28/09/2026 02:24
a7be225f-f136-457c-a38c-2f08c75fa0bb,hymn.engineering,available,16.99,64.99,high,low,4,namesilo,,,29/09/2026 01:20
8b9ffc31-3d45-4d0f-bc27-3e50283704dd,comatose.irish,available,5.98,31.98,medium,low,8,namecheap,,,12/08/2026 18:25
57f3818f-71ed-4c4f-a41f-439dae67a37c,version.coupons,available,42.2,42.2,high,low,7,cloudflare,,,28/09/2026 18:17
7e6ae628-1b83-45e4-9dc1-d0126e91e5ce,cauterize.photos,available,8.98,40.98,medium,low,9,namecheap,,,11/08/2026 14:34
a0cd4c17-aaa5-4a1e-b1b1-5b4b8681dd2a,honcho.buzz,available,1.98,41.98,high,low,6,namecheap,,,10/08/2026 20:40
6e1db56e-ca02-4a98-ba23-f67ea9a8ca2a,exodus.properties,available,18.99,39.99,high,low,6,namesilo,,,24/09/2026 06:52
a78ed1a9-b22b-4e82-95c7-8ef45423968e,come.loan,premium,640,77.35,high,low,4,namesilo,,,28/09/2026 09:23
7cfdcd39-056f-4d8a-a45d-c0857878fb21,upstream.win,premium,437.5,62.5,high,low,8,name.com,,,12/09/2026 23:24
1e8e7f03-f839-4c5a-89d5-abed36dbdc1f,refugee.paris,available,66.98,66.98,high,low,7,namecheap,,,28/09/2026 20:17
8944714b-0be0-4554-ada7-29c02d6cfcdd,carpetbag.luxury,available,49.99,49.99,medium,low,9,name.com,,,11/08/2026 19:44
393b851c-0891-434e-bb59-9e3a390f34f8,charcoal.technology,available,3.31,22.97,high,low,8,spaceship,,,30/09/2026 04:40
1b1e9a0c-312e-4681-a7a9-6c0b2c42a97e,inconvenience.reise,available,77.83,77.83,medium,low,13,spaceship,,,29/09/2026 02:52
4256c429-a11c-4cde-9d52-d84d29305215,frail.in,available,7.95,7.95,high,low,5,namesilo,,,18/08/2026 13:59
e99a3ebc-ae5b-475f-98fe-436f20aef9fb,armature.cool,available,5.98,50.98,medium,low,8,namecheap,,,20/09/2026 06:32
3f87fbe7-6f7d-4f52-898a-ffffbbc8fe0a,affiliate.gripe,available,5.57,5.57,high,low,9,dynadot,,,28/09/2026 19:17
7ba20167-7049-4239-9220-04a8776eb8f9,jig.srl,available,28.04,28.04,high,low,3,dynadot,,,01/10/2026 19:47
9788a5a8-ca01-4ed1-86a5-0e074a95865a,amalgamate.cc,available,4.19,9.99,high,low,10,namesilo,,,22/09/2026 03:01
d3a1f016-1b2d-4dec-a665-34c0fe43bc72,heterodyne.schule,available,19.99,41.99,medium,low,10,name.com,,,21/08/2026 07:29
6317e9d6-1c3b-4a43-8c87-d83e6ef13177,approximate.global,available,44.5,,high,low,11,unstoppable,,,29/09/2026 08:31
a7befd3a-0c07-4f22-a6ca-884e771a374e,second.forex,available,11.98,133.98,high,low,6,namecheap,,,21/09/2026 12:59
9db3021f-e4ea-4778-8aa4-1d211956e31a,grammar.meme,premium,150.2,195,high,low,7,unstoppable,,,29/09/2026 21:08
b8a29c10-1882-4e69-a3b2-9bf02072f5a1,moisturise.xyz,available,,,high,high,10,,,,
ba47e789-02cf-4118-afdc-f8ed98106610,squawk.wtf,available,2.98,49.48,high,low,6,namecheap,,,23/09/2026 00:25
0af9f7b7-f632-43b9-bb0c-a669d3251dea,sore.vision,available,9.99,50.99,high,low,4,name.com,,,
f51c37e4-8d71-43c6-94fc-df4f1b42c4c9,rattle.mov,available,12.98,15.98,high,low,6,namecheap,,,19/09/2026 15:18
c3464d39-19de-4df7-9cb8-c7cdabb02aa7,smoothen.healthcare,available,88.99,88.99,high,low,8,namesilo,,,08/09/2026 23:04
bd09827e-e240-4981-af6a-8b1b6a6ee22c,remote.autos,resell,684.64,,high,medium,6,"NameCheap, Inc.",16/12/2025 21:33,16/12/2026 23:59,03/10/2026 03:20
d897cf1b-3f9b-41e9-b773-203847773e72,mud.cooking,premium,52,32.5,high,low,3,namecheap,,,25/09/2026 09:31
2fde0077-8627-4b61-9df3-b44a698cda17,uneven.actor,available,9.48,54.98,high,low,6,namecheap,,,04/09/2026 00:48
9fca7587-3249-425e-b337-5f2944b007ad,elbow.schule,available,28.99,28.99,high,low,5,namesilo,,,20/09/2026 11:23
19343561-2712-4cb8-9ca3-324c3e43852d,prolate.shiksha,available,11.98,69.98,medium,low,7,namecheap,,,15/08/2026 18:52
d8397c23-2696-40be-a9e7-aee9f8abe199,seem.international,available,8.48,25.04,high,low,4,spaceship,,,30/09/2026 15:09
ae01da9c-039b-4c60-b22a-c82e39bb8ca4,doorstep.cash,available,12.99,38.99,high,low,8,namesilo,,,30/09/2026 09:23
ad2b6802-6735-42e5-ae0b-047de6941cfc,disuse.town,available,8.99,36.49,medium,low,6,namesilo,,,24/09/2026 23:14
ffe79d71-9901-4582-836d-2b9dc6aca97b,surrogate.camp,available,65.98,78.98,high,low,9,namecheap,,,22/09/2026 02:27
be8072f5-af8e-470a-8147-dc551c1a3579,gazette.doctor,available,13.5,,high,low,7,unstoppable,,,30/09/2026 01:42
4c7c1e16-0ecd-479e-be06-9f80e81d9ce3,sculpt.ai,resell,,,high,low,6,Deep Vision Architects,22/02/2019 02:43,22/02/2027 02:43,26/09/2026 08:52
cc80462c-e5a2-4b30-ba13-728a363b7750,attach.wtf,available,2.98,49.48,high,low,6,namecheap,,,23/09/2026 19:57
de0f9ab6-38b3-4367-8535-6a8455f11b8a,commentate.taxi,available,10.5,,high,low,10,unstoppable,,,30/09/2026 17:26
3610ee86-2174-4cb2-8b21-2c64299e33f5,unload.porn,available,51.95,98.53,high,low,6,spaceship,,,29/09/2026 08:24
7b42d709-40c9-48aa-a078-41d18da16dd3,centenary.soccer,available,19.99,37.99,high,low,9,name.com,,,11/08/2026 23:54
6b5eb256-944b-4164-9a33-0014adaefdf6,reference.beauty,available,1.54,14.21,high,low,9,porkbun,,,28/09/2026 18:25
2581c8b7-72c6-4c8d-b753-56199075c24d,staunch.irish,available,5.98,31.98,high,low,7,namecheap,,,10/09/2026 19:22
6d3d148e-b2c7-44ba-9c41-31eef7c15a7a,deduce.forum,available,2.19,34.99,high,low,6,namesilo,,,03/10/2026 02:27
f7929065-44ef-4057-9811-644d823d71a4,fizzle.vacations,available,9.99,50.99,medium,low,6,name.com,,,11/08/2026 11:19
a92152aa-47e1-4c62-bb3b-bdcc3944c553,speer.cleaning,available,75.49,75.49,high,low,5,namesilo,,,18/09/2026 02:44
c96cc88c-8384-435f-9f11-e52c4068991c,crate.surf,available,1.98,43.98,high,low,5,namecheap,,,24/09/2026 19:07
85feda65-c631-4f2d-8439-ed26419ba35e,regard.hamburg,available,69.98,73.98,high,low,6,namecheap,,,08/09/2026 11:00
521e9397-7909-4baa-9a48-206df1e8e170,blanket.skin,available,1.8,21.98,high,low,7,namecheap,,,08/09/2026 07:17
3677036b-6d59-43f6-8db6-870f389161d9,clemson.foundation,available,7.48,37.98,high,low,7,namecheap,,,27/09/2026 07:07
0a953435-93d9-422f-a26a-14f6a43c43e7,frill.cab,available,23.99,43.99,high,low,5,name.com,,,18/08/2026 23:46
45da7dc8-dd19-4f18-aa96-77a84b0d3e87,voucher.theater,available,65.99,65.99,high,low,7,namesilo,,,01/10/2026 01:36
9e223db0-9ae4-4b54-ac2f-38e32f1f8738,landfill.vin,available,8.99,59.99,high,low,8,namesilo,,,29/09/2026 07:27
5ffd9250-024a-4f0e-a13d-168db5383095,smug.sydney,available,44.98,54.98,high,low,4,namecheap,,,10/09/2026 02:05
12409e69-e911-42b0-861f-772774ea613b,metre.hair,available,1.99,17.29,high,low,5,namesilo,,,25/09/2026 15:57
83307c1c-fc15-4b3f-8f28-ab32ebe4912e,gush.legal,available,9.99,92.99,high,low,4,name.com,,,22/08/2026 13:07
e987efdf-59bf-4b44-9283-7cb51c0386ae,history.engineering,available,16.99,64.99,high,low,7,namesilo,,,28/09/2026 17:27
3fbdf1af-bd44-45ba-b6b8-be7241aebb22,downstream.law,available,105.98,130.98,high,low,10,namecheap,,,14/08/2026 17:59
41b8e691-988a-49ab-8dd7-229d56c34dfc,illegitimate.moi,available,27,,medium,low,12,unstoppable,,,30/09/2026 03:36
aba764de-3ad1-40a9-acaf-59e2df4656a2,shut.vodka,premium,47.2,29.5,high,low,4,namesilo,,,12/08/2026 12:10
88ee1eff-84c0-4406-a9ba-1c9836fac12f,serial.hamburg,available,59.99,59.99,high,low,6,name.com,,,21/08/2026 23:54
9f37a4d6-e95e-4d80-bb4b-eb7891befaea,reinstate.theatre,available,500.2,500.2,high,low,9,cloudflare,,,01/10/2026 22:12
0fbeb6ec-5d71-411f-a9a7-75e0cc95e3f8,change.singles,available,9.49,33.99,high,medium,6,namesilo,,,28/09/2026 20:44
39c010b9-bcb9-4eb5-a185-796a14dc29af,overdose.discount,available,4.5,24.83,medium,low,8,dynadot,,,29/09/2026 02:45
ce8c7a0c-855a-474d-97de-cd4a46d165ba,verify.recipes,available,60.2,60.2,high,medium,6,cloudflare,,,30/09/2026 12:41
7679a0a5-aa53-4ae4-8b78-a8ab1fc37c43,lipstick.ceo,available,9.19,103.7,high,low,8,spaceship,,,02/10/2026 05:27
6a74a04b-d068-484b-95a8-9f13472229f0,paperback.voting,available,1398,1448,high,low,9,namecheap,,,27/09/2026 02:40
46441e4a-31a6-4d3b-be82-1e0474cf7701,biography.yachts,available,1.8,21.98,high,low,9,namecheap,,,23/09/2026 18:09
52b70c5e-402b-4799-9715-40f044f293a0,fame.gratis,available,23.99,23.99,high,low,4,namesilo,,,02/10/2026 10:31
a526b016-90a0-488d-8841-cab7077ff6d3,demolish.spot,available,20.9,20.9,high,low,8,spaceship,,,02/10/2026 06:43
fdf1573e-f348-4a18-ab25-44ba6e631a46,dinner.games,available,8.24,27.29,high,low,6,porkbun,,,29/09/2026 15:01
696816fb-8138-41b2-826a-33cf79089c36,barm.tips,available,12.98,42.48,medium,low,4,namecheap,,,22/09/2026 06:34
1e96061c-becb-48e6-92ab-f61f9c82751d,velvet.spot,premium,116,116,high,low,6,namesilo,,,28/09/2026 10:12
7decb640-0af8-410f-af3a-51b385d3b7ba,slap.zone,available,8.98,51.98,high,low,4,namecheap,,,13/09/2026 23:26
f7f761f2-81b7-49ca-830f-865e79e1d563,aspect.ooo,available,24.99,24.99,high,low,6,namesilo,,,28/09/2026 22:41
91d5eb81-cf6e-487e-8a3b-f555d120a524,jug.makeup,available,1.99,14.45,high,low,3,dynadot,,,29/09/2026 12:28
60263da9-75d9-498b-b5d0-417b6ece93fe,wiggle.new,available,412.2,412.2,high,low,6,spaceship,,,02/10/2026 05:31
608bd190-5eb7-45ce-9c91-870b92df8992,cleft.auto,available,1999.99,2199,high,low,5,namesilo,,,12/08/2026 10:39
0936aa53-3cce-4635-96ea-022e6afe35f0,vowel.inc,premium,1604.45,2070.2,high,low,5,spaceship,,,29/09/2026 20:36
61ced9d4-0e17-469a-8156-78515677317d,graduate.ink,available,2.98,43.98,high,low,8,namecheap,,,20/08/2026 17:51
b21b5d79-a415-4dd2-92b8-c448c51563e7,slumber.press,available,4.99,86.99,high,low,7,namesilo,,,30/09/2026 10:20
2f0c62d6-8645-4335-8ac5-78cc7aa88d25,slide.viajes,available,149.99,149.99,high,low,5,godaddy,,,30/09/2026 02:07
5a3292b4-8850-4159-83e5-e6a8e255f657,title.foo,premium,1034.17,1034.17,high,low,5,spaceship,,,02/10/2026 13:09
36c57cf3-f19e-4a0a-a712-f6c3f7051d8b,tabernacle.gg,available,,,high,high,10,,,,
80c8002e-a0a5-4490-8c76-ec4b406cc940,discomfort.fan,available,43.67,43.67,high,low,10,spaceship,,,29/09/2026 15:28
0a2cb49e-f292-4e9b-b4d4-8da35865374c,digit.vodka,available,26.97,26.97,high,low,5,dynadot,,,01/10/2026 01:45
6ce9f427-c89d-496c-8c18-0092f180a6be,drogue.casino,available,14.99,159.99,medium,low,6,namesilo,,,17/09/2026 21:47
9e59bc32-5749-474e-9632-27ec83d6ffdf,helicopter.forum,available,2.19,34.99,high,low,10,namesilo,,,25/09/2026 05:19
deb6a4c5-9f8e-4d27-8d11-4abf4e55bc80,holocaust.careers,available,34.99,71.99,medium,low,9,namesilo,,,29/09/2026 06:54
aa2ae6a8-904e-44b5-a031-297ed0204ab7,ninth.science,available,11.99,11.99,high,low,5,namesilo,,,
b987c75e-5eca-4ffc-b663-3eaa7093f6e1,wipe.sucks,available,218.99,218.99,high,low,4,namesilo,,,27/09/2026 16:23
c86769b2-c23a-42c8-b10f-1aa793c75893,bivouac.reviews,available,7.99,81.99,medium,low,7,name.com,,,11/08/2026 15:54
18f70fe8-4478-4345-b990-4dde7c533b5f,enliven.wine,available,9.99,59.99,high,low,7,namesilo,,,22/09/2026 04:56
dca64f43-8319-4343-8825-d5cb07233501,degrade.storage,available,465.95,500.2,medium,low,7,spaceship,,,01/10/2026 22:09
447a442f-982e-4511-a5d9-6a395995ddc2,intend.cars,available,2070,2950,high,low,6,namecheap,,,25/09/2026 18:20
e3c6199f-91dd-415f-829b-98ad339374eb,length.lawyer,available,62.99,62.99,high,low,6,namesilo,,,30/09/2026 02:48
0e4864f8-ce62-4989-b506-ebcab8aa9ec6,fuze.community,available,35.2,35.2,high,low,4,cloudflare,,,01/10/2026 19:40
bfb9cbab-6b55-4dc2-ba13-15dad2a1b3cb,raconteur.directory,available,8.99,26.99,high,low,9,namesilo,,,19/09/2026 05:14
465e913a-e8f8-4d8b-997a-55997b5e07da,fructify.gg,available,,,high,high,8,,,,
80827e71-6796-48ab-8545-7d7e58380261,obdurate.nl,available,7.48,8.98,medium,low,8,namecheap,,,13/08/2026 12:15
4c7a39f2-be77-4813-93f7-6cb6c4e05a15,award.berlin,premium,405.6,405.6,high,low,5,namecheap,,,27/09/2026 06:58
7d3f44be-ccb4-4044-a75d-70f16c4cb246,tattletale.supplies,available,24.99,24.99,medium,low,10,namesilo,,,11/09/2026 10:28
918ad9ed-eb59-40cc-a6e8-034bc1d4b5d6,bash.xxx,premium,513.56,513.56,high,low,4,spaceship,,,28/09/2026 13:20
821721c3-64ce-4950-85bc-6b25ca0b6d5b,visualize.cab,available,32.99,32.99,high,low,9,namesilo,,,24/09/2026 16:39
901d98e6-6b2b-48ad-a945-5ee6a8eba69d,catenulate.irish,available,5.98,31.98,medium,low,10,namecheap,,,11/08/2026 21:32
bcff396d-6bb9-4f21-a58d-24b6378ec42a,photograph.hiv,available,195.99,195.99,high,low,10,namesilo,,,26/09/2026 00:03
f7f40ed9-5dd7-430a-ade6-8c53fba89673,firewall.how,premium,39.2,,high,low,8,unstoppable,,,01/10/2026 02:10
adc76d6f-c16d-43ba-bb61-32ce4dc81e1f,refill.press,available,4.68,64.37,high,low,6,spaceship,,,30/09/2026 18:28
7d98c67a-df10-4fd3-9682-3d90d0e92ef3,flavour.guitars,available,107.22,107.22,high,low,7,dynadot,,,01/10/2026 19:33
952b1d87-929d-4e0e-887c-70e72db9cab2,prey.cloud,available,5.29,25.99,high,low,4,namesilo,,,27/09/2026 13:29
6516f3ad-0f92-4b4b-8568-481d1f2d1500,christmas.news,premium,103.7,207.2,high,low,9,spaceship,,,29/09/2026 09:08
3e5a4698-7662-44a8-898f-d4d5ffe0f96e,ship.dance,resell,,,high,medium,4,"GoDaddy.com, LLC",12/01/2021 13:12,12/01/2027 13:12,30/09/2026 11:08
cb861744-f445-4d9f-83f8-633b2312c385,meld.fail,available,38.99,38.99,high,low,4,namesilo,,,22/09/2026 11:20
3b7e434e-2581-443b-aada-4e9f1017f130,critic.monster,available,1.18,13.97,high,low,6,spaceship,,,29/09/2026 12:01
fae24bb3-28bf-42ce-bec9-774684f5f887,endorse.express,available,9.98,49.98,high,low,7,namecheap,,,08/09/2026 09:45
0c98136b-da25-4d9e-9ea7-85f12b5d59b8,signify.photo,available,31.98,40.98,high,low,7,namecheap,,,30/09/2026 19:13
ff32e227-948f-4b3a-95b0-4f104b0102d8,amplify.space,premium,1000.2,,high,high,7,unstoppable,,,03/10/2026 02:25
4d4d83ed-245e-490f-9a8c-82a7f56db0b0,mainstream.voyage,available,5.66,46.86,high,low,10,porkbun,,,29/09/2026 01:38
17611dc3-0e6e-4dd5-9bb7-3ec9f8816985,dissociate.now,available,38.98,49.98,medium,low,10,namecheap,,,14/08/2026 11:11
9bdaf35c-5a07-4b7c-820c-58bcbda2fd79,reopen.shoes,available,50.2,50.2,high,low,6,cloudflare,,,30/09/2026 03:14
a0bdffcd-bf85-4059-9040-db2be311cf7f,quibble.paris,available,66.98,66.98,medium,low,7,namecheap,,,23/09/2026 13:17
dbaf053a-386f-4234-9f7c-fa9e8fdddd24,vaccine.golf,available,50.2,50.2,high,low,7,cloudflare,,,29/09/2026 02:28
b234d1c3-aa0c-4df2-8087-8e39bb8e16d7,outburst.qpon,available,3.49,9.72,high,low,8,dynadot,,,30/09/2026 01:27
d676511e-8e1b-47c5-b645-3d84cac863b9,gip.attorney,available,62.99,62.99,medium,low,3,namesilo,,,14/09/2026 08:07
9430998b-b659-48ad-bd97-b263afc7dc02,profligate.space,available,4.99,39.99,medium,low,10,name.com,,,13/08/2026 20:24
06dcadd4-5f77-4f60-8758-96b40cba7c7f,conform.fan,available,43.67,43.67,high,low,7,spaceship,,,30/09/2026 17:47
84806440-1db0-4ae2-977a-7ecedf1e6ad6,lallygag.kim,available,5.98,32.98,medium,low,8,namecheap,,,11/09/2026 08:33
e4ba854c-8c97-45a1-835c-1ff9319a824a,analyze.date,premium,384,53.92,high,low,7,namesilo,,,30/09/2026 12:13
27db3ad5-85cb-4ff3-85ed-92db0e6148b3,speculate.site,premium,250.2,,high,low,9,unstoppable,,,29/09/2026 11:01
35022f34-0cc8-4b7c-8f31-7352019e49ab,dumbfound.gift,available,14.99,14.99,high,low,9,namesilo,,,21/09/2026 17:37
3d904b37-8617-44b6-9f17-cd3a17509ab6,podium.gold,available,9.99,99.99,high,low,6,namesilo,,,18/09/2026 17:13
a31cbaa2-d84b-4d27-ad13-f96a17649c80,suspect.cars,available,1863.2,2064.2,high,low,7,spaceship,,,28/09/2026 02:06
e02ea19b-7ca7-4827-ac91-0023563c6d24,birth.wiki,available,2.06,26.26,high,low,5,porkbun,,,29/09/2026 02:50
9debbf3e-e827-4f17-adb5-7402ae517356,apply.vet,available,41.99,41.99,high,low,5,namesilo,,,28/09/2026 06:21
cca41459-8af2-4232-90f0-1733e76e00e7,courage.immo,available,27.2,27.2,high,low,7,cloudflare,,,29/09/2026 04:01
322d7cc3-4982-4870-8906-906d0cad6a36,moderate.cool,available,5.98,50.98,high,low,8,namecheap,,,12/08/2026 00:16
1506a95a-b675-4eb3-85ce-a13424aa153b,taint.shop,premium,302.5,302.5,medium,low,5,namesilo,,,24/09/2026 17:39
8b51789d-5679-43d6-a0a6-2248030c554a,descend.autos,available,1.24,13.97,high,low,7,spaceship,,,30/09/2026 17:09
d530dba2-f0c5-428a-bceb-c95027b40f79,approximate.fm,available,88.99,88.99,high,low,11,namesilo,,,29/09/2026 08:31
a419a642-7703-4193-9d60-db13b3e84bb8,turmoil.fm,available,85,85,medium,low,7,cloudflare,,,29/09/2026 19:12
6ed1624f-471d-4e13-b5d6-d756a677e42b,threaten.website,available,0.98,20.98,high,low,8,namecheap,,,27/09/2026 04:46
d7c6d890-511d-4365-a4b6-803e48d686df,french.cab,premium,78.54,78.54,high,low,6,namesilo,,,24/09/2026 21:41
6c64c753-7a2d-400e-97d7-bcfd652e1eb2,attenuate.chat,available,5.98,58.98,medium,low,9,namecheap,,,07/08/2026 15:21
05a30920-ede8-419c-b8b1-9034dfc7276c,gimmick.asia,available,2.79,13.49,high,low,7,namesilo,,,02/10/2026 23:53
eef9766c-0dde-49a2-a6f9-f401a665725d,hydrolyze.co,available,,,high,high,9,,,,
435668d2-3c0e-40af-89fa-0f6c5264ac44,unstable.vote,available,23.98,119.98,high,low,8,namecheap,,,18/08/2026 09:17
37e54a94-ff52-47df-99f2-507537040f77,quibble.fitness,available,8.99,41.99,medium,low,7,namesilo,,,23/09/2026 13:17
00c60f5b-6b70-4e7c-85fe-6591438f1f20,analyse.tel,available,9.76,9.76,high,low,7,dynadot,,,02/10/2026 16:51
497f5c15-7db4-40b4-adf3-53b2dff43675,fillet.pro,available,,,high,high,6,,,,
934af00d-0ea4-44a9-aa51-91d0d2110f83,lacerate.store,premium,78.12,312.5,medium,low,8,name.com,,,22/08/2026 17:51
a6237ecf-f782-47ab-9f49-878711855d72,taint.tech,premium,302.5,302.5,high,low,5,namesilo,,,24/09/2026 17:39
cf5e7c34-30dd-435d-88eb-b7bae22b07b6,scream.guide,available,33.32,33.32,high,low,6,spaceship,,,27/09/2026 18:35
a3f606ea-da23-408f-aa7e-c758d7cc836e,construct.cyou,premium,74.75,149.5,high,low,9,namecheap,,,24/09/2026 10:59
bde47820-66fd-4764-bf0b-c3d8d822a480,prostrate.social,available,3.98,55.98,high,low,9,namecheap,,,09/09/2026 03:57
b2b47d93-139e-42b4-8db2-82573518b329,decide.ryukyu,available,17.98,22.98,high,low,6,namecheap,,,30/09/2026 09:55
baf3b241-7a1e-43e1-b3f9-feabc6c5f1a0,steep.boats,available,1.8,19.98,high,low,5,namecheap,,,17/08/2026 17:40
f2f76b94-6630-4cbc-b9fa-db685f37588e,calender.law,available,83,83,medium,low,8,spaceship,,,29/09/2026 05:50
65dfd077-160e-4c92-a2fb-be14be7655a1,puppy.holiday,available,51.95,51.95,high,low,5,spaceship,,,27/09/2026 15:27
bb5de373-df78-4e8c-abce-8ca88308b3c3,revise.boo,available,14,,high,low,6,unstoppable,,,30/09/2026 18:30
ec4fc624-8ed1-4710-8e2e-cd39744b5265,livery.art,premium,291.2,83.3,high,low,6,namesilo,,,24/08/2026 08:06
26aaf6e5-5377-4c86-b3ca-247649a22cbd,turndown.creditcard,available,9.99,,high,low,9,name.com,,,
fa6eaab0-0fad-4b19-a1c3-5a51bfeb382d,asbestos.shop,premium,302.5,302.5,high,low,8,namesilo,,,20/09/2026 12:54
652b16a6-1508-474f-a48a-5abe626551ed,streamline.wine,available,8.48,75.98,high,low,10,namecheap,,,01/10/2026 22:14
86f9fe38-7cbd-49de-af05-a8cbcceec6ea,ashen.fitness,available,3.48,54.98,medium,low,5,namecheap,,,07/08/2026 02:09
1e5248b6-5014-459b-9255-1d7b7daeadb1,absent.osaka,available,32.98,41.98,high,low,6,namecheap,,,21/09/2026 14:37
34ccf27d-05c6-4456-b9e8-82a72f579971,organise.technology,available,12.99,28.49,high,low,8,namesilo,,,23/09/2026 23:21
13701e2a-3c5d-4454-872a-7883db086128,jealous.eco,available,58.48,101.98,high,low,7,namecheap,,,24/09/2026 01:04
380651bd-baa9-47cc-b7c6-934a4192110b,uniform.barcelona,available,38.98,38.98,high,low,7,namecheap,,,19/09/2026 05:41
7e3913a1-b328-4fd7-bdc1-255d3e709dc0,backseat.protection,available,1999.99,2049.99,high,low,8,namesilo,,,21/09/2026 15:49
c6c52407-8078-476f-9bf4-b6ca121ee7e1,hock.viajes,available,37.99,37.99,high,low,4,namesilo,,,09/09/2026 16:33
44e19d30-2c53-40b4-8877-297b49e81637,eel.soccer,available,20.2,20.2,high,low,3,cloudflare,,,30/09/2026 01:28
53ba80e6-b16f-4e69-86a6-5732645b65c5,happen.ong,available,18.98,24.98,high,low,6,namecheap,,,25/09/2026 06:00
45b55c4c-5f94-49cf-a652-3b94b84db799,dedicate.fail,available,31.25,31.25,high,low,8,spaceship,,,30/09/2026 18:29
91540787-ba1b-47a8-aa30-61ca738c0489,courage.review,premium,625,,high,low,7,name.com,,,29/09/2026 04:01
1cb73a38-050d-4579-8223-d39f86064f64,ninth.sale,available,5.98,48.98,high,low,5,namecheap,,,
1a891b4e-7675-41c7-ae9a-02e3364d4289,sight.international,available,9.48,40.48,high,low,5,namecheap,,,25/09/2026 20:56
77904356-9feb-480b-bb5b-8e38c267db18,spiral.surf,available,2.19,32.49,high,low,6,namesilo,,,23/09/2026 14:59
9c146cb2-bd91-4743-b51b-cd78aaa09eb2,lesion.school,available,36.49,36.49,medium,low,6,namesilo,,,13/09/2026 13:28
a192c192-1c09-415f-a65d-e7cd20fc06fb,howdy.rip,available,18.83,18.83,high,low,5,spaceship,,,02/10/2026 05:13
426d3a3f-9951-4960-b5fa-318ac28afb45,condone.horse,available,26.08,26.08,high,low,7,spaceship,,,30/09/2026 17:43
7803d20b-b057-49d7-a2ac-5f6247f62560,wireless.properties,available,18.99,39.99,high,low,8,namesilo,,,27/09/2026 09:37
57430d96-1ae4-4091-8673-d80920eaf80c,lithe.gold,available,80.2,80.2,high,low,5,cloudflare,,,02/10/2026 11:27
283fb348-508a-42a3-8410-f06f3207326f,mate.loans,available,20.99,116.99,high,low,4,namesilo,,,23/09/2026 11:43
f2096365-005f-482b-8f1c-012e812f4d3a,loafer.international,available,9.48,40.48,medium,low,6,namecheap,,,14/08/2026 14:12
d59ffe23-fc59-424c-8891-a730888cc7c5,path.rsvp,premium,323.7,323.7,high,low,4,namecheap,,,25/09/2026 07:51
99aab581-babc-4274-9f42-d267f4ac15a0,extend.email,available,4.98,40.98,high,low,6,namecheap,,,30/09/2026 19:37
6236941e-41cd-4aaa-b4cd-b8e24f18caf6,sooty.tel,premium,10.62,10.62,medium,low,5,namesilo,,,12/08/2026 13:47
ce438127-3f4f-48fc-a20a-94c9d9798fad,suspicion.finance,available,20.99,64.99,high,low,9,namesilo,,,24/09/2026 23:14
6eaae8d4-8507-42ae-b9e4-ecf091c80325,diagram.skin,available,1.99,17.29,high,low,7,namesilo,,,24/09/2026 22:08
c6722c8f-251b-4ebc-bc2b-a8df6f206726,traitor.house,available,15.2,36.6,high,low,7,dynadot,,,27/09/2026 13:08
46de7fb8-2ec6-4cb0-81f5-63c812f0eba3,offshore.accountants,available,117.99,117.99,high,low,8,namesilo,,,04/09/2026 01:37
01cab572-27e0-45ea-be9d-5919a4a337d2,strength.cam,resell,,,high,low,8,"Spaceship, Inc.",14/02/2026 09:31,14/02/2027 23:59,26/09/2026 09:20
c33376ba-3c87-4112-88a1-3f7c192630f0,apparel.loan,premium,448,53.92,high,low,7,namesilo,,,28/09/2026 21:48
d8662c0f-3fb4-4c00-b581-edc7ed2c7aee,rove.makeup,available,1.8,21.98,high,low,4,namecheap,,,10/09/2026 22:12
af5eaf72-2abb-47d9-b2dc-0dc35d1069ef,zipper.ngo,available,15.96,15.96,high,low,6,porkbun,,,01/10/2026 03:44
77b4d3d6-bfdd-4b68-8b50-62fd42abf180,sinuate.studio,available,14.98,52.98,medium,low,7,namecheap,,,10/09/2026 08:36
9d95f57b-257c-4868-9672-7374ea964af3,cycle.ngo,available,18.98,24.98,high,low,5,namecheap,,,08/09/2026 12:19
198f90ed-3450-47cc-ac28-632d513b2f4c,populate.gold,available,7.98,130.98,high,low,8,namecheap,,,24/08/2026 07:48
3f176056-f55f-4518-b020-4b17307ef8bd,custom.locker,premium,3433.44,8.8,high,low,6,namesilo,,,01/10/2026 16:28
109f7947-8808-408d-9081-dff711089ba5,sextuple.locker,available,6.88,37.99,medium,low,8,namesilo,,,10/09/2026 05:19
e4457467-ced7-4c12-9131-2a037afd333a,bulldog.feedback,available,9.99,329.99,high,low,7,namesilo,,,24/09/2026 11:08
2f0b418e-2cb0-4bd2-b944-5214bb4b21c6,flesh.pictures,available,15.49,15.49,high,low,5,namesilo,,,25/09/2026 21:58
d4b0596b-7474-4beb-bf8a-efc2709a1cc2,stumble.beauty,available,1.99,17.29,high,low,7,namesilo,,,30/09/2026 10:30
c15c89e3-4ccc-4339-81f8-c880199e5ae9,suitcase.ing,premium,65,65,high,low,8,namecheap,,,28/09/2026 06:48
0d40f002-e672-4f06-bb21-cea3d6c64447,lid.doctor,available,5.98,154.98,high,low,3,namecheap,,,24/09/2026 13:43
d0cc7260-83e9-4d59-a3e8-e86e8e260674,backbend.diy,available,5.49,39.99,medium,low,8,namesilo,,,21/09/2026 15:01
f444cc1b-3ef4-4af5-b42b-7a0e66adc304,involute.apartments,available,19.99,83.99,high,low,8,name.com,,,22/08/2026 09:12
902c8d96-010f-4e15-83ab-38da572fdcec,stud.villas,available,59.99,59.99,high,low,4,namesilo,,,24/09/2026 23:35
a0336d2b-cb6a-49ae-8d89-d440ef94b4dc,intricate.football,available,26.98,36.98,high,low,9,namecheap,,,25/09/2026 10:49
cdedb93e-0c8b-4b5d-a47b-ce32d0d5a0a9,glare.mba,available,17.99,39.99,high,low,5,namesilo,,,24/09/2026 10:22
cf842e3e-3ea9-4924-8daf-bf4898d18b7d,honcho.pink,available,6.48,31.48,high,low,6,namecheap,,,10/08/2026 20:40
fa42168c-ad11-4e00-a762-e1a1e43a6fa2,silken.black,available,17.48,82.98,high,low,6,namecheap,,,09/09/2026 21:43
d653f94a-3a0c-4894-9da5-298659d85987,retaliate.bio,available,5.38,58.16,high,low,9,spaceship,,,02/10/2026 06:16
64ac72a0-c1a3-49cf-9eeb-66f7df35cab7,twit.computer,available,22.48,48.98,medium,low,4,namecheap,,,11/09/2026 09:11
18a60ca9-6f53-4240-98a8-bb926adbf019,compassionate.sex,available,51.95,98.53,high,low,13,spaceship,,,29/09/2026 21:13
768b409b-542d-4873-aab4-a0bbf99a1bb1,honest.fans,premium,195,390,high,low,6,namecheap,,,21/08/2026 13:19
189329a7-f26f-4d53-9498-ca9d872a3da7,glare.limo,available,54.99,54.99,high,low,5,namesilo,,,24/09/2026 10:22
ba0bfa93-72a3-4221-ac4f-ba9c0caf5014,nub.lease,available,56.99,56.99,high,low,3,namesilo,,,14/09/2026 23:53
f59fc73e-0fb7-45ff-bc5c-cfe10a3c1f26,meager.games,available,11.98,42.98,medium,low,6,namecheap,,,24/08/2026 18:02
640c48ea-a1d7-4c46-86c2-07c8bf8ad153,ornament.band,available,15.73,25.04,high,low,8,spaceship,,,30/09/2026 09:20
1b584bd0-0b35-479e-b6c7-ac0b9ba98187,epstein.deal,available,38.99,38.99,high,low,7,namesilo,,,27/09/2026 03:50
b4d47ce6-934e-4198-8e69-6cc32b5a93dd,anticipate.rent,available,17.99,59.99,high,low,10,namesilo,,,30/09/2026 15:05
f8912b6c-5aba-4281-a38c-71f8519f118e,aliquot.download,available,5.25,6.25,high,low,7,namesilo,,,
90212303-6f97-4b31-9ba9-f269dfc49255,knockdown.gratis,available,23.99,23.99,medium,low,9,namesilo,,,22/08/2026 16:34
e2683019-595a-4d19-978d-1a62c585b023,legalize.pub,available,39.99,39.99,high,low,8,namesilo,,,22/08/2026 23:05
28bd5a80-dfde-429e-854b-f37f7323f620,deadpan.contact,available,16.99,20.99,high,low,7,name.com,,,13/08/2026 19:37
a31e4f6e-3362-417b-936f-f42cddd37e96,possession.sydney,available,58,58,high,low,10,namesilo,,,30/09/2026 05:10
2e3a26d6-d91a-4b50-b42f-05a3ec96a243,adze.bar,available,2.8,81.98,medium,low,4,namecheap,,,17/09/2026 12:02
77aaff32-ee8a-45f8-8c13-887acc2c7989,premise.luxe,available,19.49,19.49,high,low,7,namesilo,,,20/09/2026 16:37
8c9ef5d6-57c1-4e54-926f-68187649eb0a,multiply.bz,available,21.98,26.98,high,low,8,namecheap,,,15/09/2026 15:37
91cc9617-d049-4c14-99a3-7ee8372958ed,tablet.ltd,available,24.2,24.2,high,low,6,cloudflare,,,28/09/2026 20:05
76468959-faaa-40c5-8060-c7aa61a0a1c9,errand.qpon,available,3.49,9.72,high,low,6,dynadot,,,30/09/2026 01:33
b6174a94-8890-47da-9b52-05c86844a091,superfund.vin,available,6.64,49.44,high,low,9,dynadot,,,29/09/2026 08:11
2454c16e-5958-4b51-9f24-e18581393d37,besom.cleaning,available,75.49,75.49,medium,low,5,namesilo,,,23/09/2026 10:25
eae0c517-5f9f-4a43-acbe-9b0b194482a9,adapt.salon,available,44.2,44.2,high,low,5,cloudflare,,,28/09/2026 11:08
46d45b1b-461c-47f4-839f-212e7c2d18ac,tattoo.kids,premium,390,23.4,high,low,6,namecheap,,,27/09/2026 05:36
f4c98231-a27a-4498-8fe2-73a046f997a4,asymptote.immobilien,available,37.99,37.99,medium,low,9,namesilo,,,20/09/2026 18:41
5818c582-adcc-4391-bd7f-1fd5608e5bf2,parable.ag,available,89.99,79.99,high,low,7,namesilo,,,18/09/2026 10:36
7e02b239-a606-49e7-9ede-e7118709a655,succeed.lawyer,available,62.99,62.99,high,low,7,namesilo,,,30/09/2026 16:37
e3719fc4-9999-4ce6-af8f-2c52d41802f2,slapdash.associates,available,12.98,49.98,medium,low,8,namecheap,,,10/09/2026 09:57
1a6caedc-20e6-4ed6-a025-5a1584cb7cf8,lithe.shoes,available,31.25,51.95,high,low,5,spaceship,,,02/10/2026 11:27
6f912550-afb4-43f3-9c75-17f152e37b97,hustle.wine,available,9.99,59.99,high,low,6,namesilo,,,17/09/2026 09:12
26cf6a3f-f69e-4860-b9d8-84ed228e6a15,suture.menu,available,27.99,27.99,high,low,6,namesilo,,,03/10/2026 00:44
4dd8485a-7493-4742-a647-59182980a67e,lipstick.voto,available,10.55,55.93,high,low,8,spaceship,,,02/10/2026 05:27
28b8422e-7e34-4dbe-a675-fdc13469deca,syllable.plus,available,4.34,43.67,high,low,8,spaceship,,,29/09/2026 20:27
f78fa5fa-b5dd-4029-b96d-51b1ea6dcef7,locomote.free,available,38.98,44.98,medium,low,8,namecheap,,,20/08/2026 15:49
7c827463-6e9d-490d-892a-4757fd41a5ec,rejoice.dance,available,16.99,27.49,high,low,7,namesilo,,,30/09/2026 17:44
692a33f5-1254-4acc-bc29-9e5074b17386,highlight.gives,available,11.99,23.01,high,low,9,dynadot,,,29/09/2026 06:58
86524b24-48e2-416d-bb86-46dd0b80a8d0,bassoon.moi,available,39.99,39.99,medium,low,7,name.com,,,22/09/2026 12:33
109d821e-c060-4165-a844-f75dd3563474,substance.school,available,36.49,36.49,high,low,9,namesilo,,,14/09/2026 23:41
247bc63d-1ec4-42ab-8154-0089dd72bd7b,roast.loan,premium,448,53.92,high,low,5,namesilo,,,27/09/2026 15:46
275bad35-f663-4a17-8d66-7222d09845c3,possess.london,premium,135.69,31.27,high,low,7,namesilo,,,26/09/2026 03:38
c4c79af9-a422-4558-b9c9-96cdcab0822e,furnace.art,premium,348.17,76.94,high,low,7,porkbun,,,28/09/2026 19:17
5d93679e-79d8-4d6e-8e81-4155d227a439,snuggle.giving,available,7.48,35.98,high,low,7,namecheap,,,24/09/2026 20:12
1e253055-20c0-4bef-ae30-93bd76436db2,pour.dance,available,9.85,22.69,high,low,4,dynadot,,,30/09/2026 18:27
d35cb98a-559b-42df-aa28-5673a13a4623,chimp.meme,available,12.98,15.98,high,low,5,namecheap,,,24/09/2026 14:40
b1f2e25f-4d94-49d9-9fef-83b05e463b60,pot.fail,premium,85.8,85.8,high,low,3,namecheap,,,25/09/2026 20:52
b0767c7b-b726-4271-861c-52b4ae912c8a,bagel.plus,available,15,53.99,high,low,5,unstoppable,,,29/09/2026 00:27
78c69674-ff03-4488-b783-410192c24366,skirmish.asia,available,2,11.99,high,low,8,dynadot,,,02/10/2026 15:00
22f50662-90f7-4935-8f31-3cacd7b99a00,mystify.house,available,19.99,44.49,high,low,7,namesilo,,,21/09/2026 17:29
dcb3d8ad-1251-4430-b24a-d1298f15cad8,assuage.cool,available,5.98,50.98,high,low,7,namecheap,,,18/08/2026 22:06
8cb48521-e96b-49fb-accf-ffb1e0344d57,execute.enterprises,available,27.2,27.2,high,low,7,cloudflare,,,27/09/2026 16:26
37c253be-fd9c-47cf-b2b9-8175f7ac01c0,soak.esq,available,25.98,29.98,high,low,4,namecheap,,,16/09/2026 03:40
70e4b9b4-b123-4773-8031-dd0b8fa0fed6,weapon.fun,premium,81.25,325,high,low,6,namecheap,,,25/09/2026 10:57
5187541a-6dce-4907-9123-ffe952efac01,secure.study,premium,130,130,high,medium,6,namecheap,,,01/10/2026 03:45
be488861-d0a7-46bf-b7c9-3fc00e9ee9f6,foil.solutions,resell,,,high,low,4,"GoDaddy.com, LLC",24/12/2016 10:38,24/12/2026 10:38,26/09/2026 06:10
bfb32a81-5624-4edf-b733-3b92fca78b1c,misdirect.fashion,available,32.49,32.49,medium,low,9,namesilo,,,13/08/2026 02:26
be406125-21f7-46e2-a7df-4f1c7cea1618,slander.info,resell,,,medium,low,7,,,,30/09/2026 18:39
29056cec-b0c4-4168-a387-78d5ffb6aaea,catalogue.bike,available,12.99,38.99,high,low,9,namesilo,,,24/09/2026 13:08
532e3c7c-cbb0-4b3a-ad4c-0425eb9fbdbc,binate.solar,available,9.99,83.99,medium,low,6,name.com,,,09/08/2026 23:39
9308c0a7-89fa-438d-94f0-b08f2d749c4f,fracture.gallery,available,49.99,49.99,high,low,8,godaddy,,,28/09/2026 01:53
6596a726-28bf-4095-bfac-346c8e6a050c,recourse.associates,available,11.59,31.25,high,low,8,spaceship,,,02/10/2026 16:32
c7557bb2-c4e3-4742-80d4-c74cac241137,overhaul.college,available,1.18,51.95,high,low,8,spaceship,,,30/09/2026 10:14
050a366d-0f9e-42e0-9f02-af0616e8d65b,school.accountant,premium,362.45,51.95,high,low,6,spaceship,,,30/09/2026 20:48
16b72c29-8495-4bd7-998a-1e083faa02f9,intend.auction,available,38.98,46.98,high,low,6,namecheap,,,25/09/2026 18:20
7644fad6-bdfb-4fd8-bfff-dc8c08f58452,blare.cv,premium,260.8,80.33,medium,low,5,namesilo,,,10/08/2026 13:12
853a4dd6-5d8d-4ca9-a3fe-c69fedb290d4,grumble.guide,available,10.99,57.99,medium,low,7,name.com,,,20/08/2026 20:38
fb621aaa-5515-420b-b4b5-0bb4809681a9,stupefy.land,available,15.99,41.99,medium,low,7,namesilo,,,21/09/2026 17:33
f8badefa-c7ca-4085-bfcf-cd4ccf49ee83,bark.ltda,available,34.99,34.99,high,low,4,namesilo,,,22/09/2026 06:15
691eca4c-1164-4855-802b-2f3a5a8a34b7,wrath.men,premium,362.45,51.95,medium,low,5,spaceship,,,28/09/2026 20:48
00576905-1885-4fa6-96c7-e7c80dce230d,bore.cam,available,8.99,17.49,high,low,4,namesilo,,,24/09/2026 12:50
93ae0a36-57f3-43c7-873a-ab874df8f541,workshop.limo,available,43.67,43.67,high,low,8,spaceship,,,28/09/2026 11:07
d6d34d87-a7a2-4cae-9b15-aed5fd866c3d,knee.coupons,available,5.99,54.99,high,low,4,namesilo,,,20/09/2026 11:27
b2cbfe98-9522-4ffe-a8af-f04ad26c6e0f,crunch.day,premium,37.7,37.7,high,low,6,namecheap,,,24/09/2026 19:53
d01f5aa9-ec3b-4483-af3d-6b990824e70a,contemplate.degree,available,40.2,40.2,high,low,11,cloudflare,,,30/09/2026 11:45
2fa8bc61-446b-4574-bf96-fdf0021c5d68,considerate.menu,available,26.97,26.97,high,low,11,dynadot,,,01/10/2026 04:44
a234c1e3-fbd7-4908-a9c0-1b186e15ff3d,quiver.haus,available,11.98,37.98,high,low,6,namecheap,,,11/09/2026 19:13
0f1aa5a6-7af5-4e23-a1dc-e604211a7de9,undermine.tattoo,available,2.98,48.98,medium,low,9,namecheap,,,29/09/2026 06:16
50257dc3-f208-4356-9bfa-7da55e70c2d3,underestimate.vin,available,8.99,59.99,high,low,13,namesilo,,,01/10/2026 06:11
b4b34b36-f1f5-4824-9b38-00453e9986c7,colourise.forex,available,11.98,133.98,medium,low,9,namecheap,,,12/08/2026 17:38
6c8ec38f-465e-4303-8c63-cc32a332fb3b,peanut.shiksha,available,11.98,69.98,high,low,6,namecheap,,,08/09/2026 11:13
51b3db54-b261-406f-a41e-7d61f7ea4a54,lighten.cfd,premium,46.61,94.8,high,low,7,namesilo,,,30/09/2026 16:34
835cbf0d-f607-43da-a004-ff7efe52627c,moot.diamonds,available,54.99,54.99,high,low,4,namesilo,,,14/08/2026 00:31
7040d818-29e1-4543-92c9-f77d177ec3b2,flank.hair,available,1.8,21.98,medium,low,5,namecheap,,,28/09/2026 19:13
5363254f-c4ad-4211-9d06-47531114b313,improvise.food,available,5.49,39.99,high,low,9,namesilo,,,21/09/2026 16:45
095ec251-5362-4011-a792-50af1ea47d3a,igg.productions,available,10.5,,high,low,3,unstoppable,,,30/09/2026 01:57
ef19cb53-57dd-45aa-baf8-29bb6e3cbedf,transcript.forum,available,1.8,49.98,high,low,10,namecheap,,,25/09/2026 22:18
700521aa-3e7b-4bfe-a1ea-64f3b0e833df,breath.express,available,9.98,49.98,high,low,6,namecheap,,,24/09/2026 10:14
1ee332e5-367a-48c5-b939-9f99c680b4b5,devolve.hair,available,1.8,19.98,medium,low,7,namecheap,,,13/08/2026 23:59
ba5a4534-f956-4496-99d4-fd6baf83037b,alloy.reisen,available,24.99,26.99,high,low,5,name.com,,,17/09/2026 09:02
1f95187e-8903-46f4-9863-d96fd72c93e6,provide.help,available,2.19,32.49,high,low,7,namesilo,,,30/09/2026 07:04
337a65e7-ed5c-421c-a831-ec7b12e697db,cupcake.glass,available,76.98,99.98,high,low,7,namecheap,,,24/09/2026 20:16
922e998c-8ba1-4a1e-8f2e-158e0b26cbb3,event.cooking,available,33.98,43.98,high,medium,5,namecheap,,,29/09/2026 08:05
b02b661d-cb49-49ba-9f7d-7709ad37354a,bulge.feedback,available,9.98,489.98,high,low,5,namecheap,,,08/09/2026 23:47
64700bd5-0715-43b0-ba5c-b95ef697a6d6,insult.fyi,available,6.98,9.68,medium,low,6,namecheap,,,17/09/2026 14:53
ba627854-1afb-4894-a3d1-ad7f38af9f70,converge.tips,available,8.24,25.23,high,low,8,porkbun,,,30/09/2026 17:59
eb8de1fa-ecb4-4074-8bec-9cff6f040804,shotgun.guru,available,4.49,42.99,high,low,7,namesilo,,,26/09/2026 00:14
63a72167-6008-4576-b815-a793f7bd2069,consent.date,premium,384,192,high,low,7,namesilo,,,08/09/2026 13:17
5275dabc-1d11-4785-9150-0c00d6917fac,espouse.date,available,5.25,6.25,high,low,7,namesilo,,,13/09/2026 09:39
417666a5-6b1a-4f28-9863-36dd07aa1d24,silicone.kiwi,available,21.28,21.28,high,low,8,dynadot,,,02/10/2026 06:24
c40a4637-c574-48ac-b295-13159829a671,replete.works,available,3.98,51.98,high,low,7,namecheap,,,09/09/2026 14:32
49406ec9-1e75-4098-a45f-31d4bef71a45,desolate.show,available,14.99,56.99,medium,low,8,name.com,,,08/08/2026 21:07
c0c796e4-3ccb-4ccd-bd57-f8ef874ac67c,class.gallery,available,22.2,22.2,high,low,5,cloudflare,,,28/09/2026 14:22
7a77fa22-e194-4732-95b4-aff8e8542607,lazy.broker,available,11.98,47.98,high,low,4,namecheap,,,17/08/2026 20:54
ca620230-b7e6-47de-9a23-2af01594dfc8,regrade.xyz,available,,,high,high,7,,,,
d5e55456-6b42-4479-ac50-c2ff475ac274,thick.golf,available,7.49,64.99,high,low,5,namesilo,,,22/09/2026 22:11
a4ec05eb-4a00-4ef1-a29f-15a7121a4054,summerset.sh,available,34.98,76.98,medium,low,9,namecheap,,,18/08/2026 08:29
f8211299-92f5-4982-ae33-48385fdd1333,premier.gratis,available,23.99,23.99,high,low,7,namesilo,,,27/09/2026 04:55
8c8e0e08-275c-4930-84e1-2810716029f9,object.dance,available,16.99,27.49,high,low,6,namesilo,,,19/09/2026 05:21
bf8a5e1e-dc61-46a4-8aad-2d3892210957,astound.investments,available,12.99,129.99,high,low,7,namesilo,,,30/09/2026 15:00
611c947d-961c-4c12-bc77-1af44e7fc628,zipper.homes,available,1.99,17.29,high,low,6,namesilo,,,01/10/2026 03:44
2843c210-1cca-454e-91f3-33e4f24d459c,zinc.stream,premium,448,53.92,high,low,4,namesilo,,,20/09/2026 22:44
cb7dc285-affd-4c1f-b4ca-470c1639a260,hoarse.biz,available,7.99,23.49,medium,low,6,namesilo,,,21/08/2026 10:10
efe69e10-d938-4702-816a-9c898580b678,fax.luxury,available,26.97,26.97,high,low,3,dynadot,,,28/09/2026 14:07
25334ae6-1e75-4c4c-9cd4-0aa100e39eb4,swagger.living,available,1.8,48.98,high,low,7,namecheap,,,11/09/2026 04:59
021fe4ed-e939-4756-9b49-3c421ed4d84a,plummet.technology,available,3.98,37.98,medium,low,7,namecheap,,,08/09/2026 21:42
811f696c-7dd5-4d3a-a943-d785c1107154,announce.systems,available,10.55,28.15,high,low,8,spaceship,,,29/09/2026 22:10
8ff23d05-2222-4c09-b92a-eb07580878d8,cooperate.mx,available,26.98,58.98,high,low,9,namecheap,,,28/09/2026 17:32
8bf12798-e797-4d6c-bf52-ed917d139bd3,shitlist.courses,available,2.19,38.99,medium,low,8,namesilo,,,24/09/2026 00:19
9d4b7c18-a42f-46ff-9599-bfd48fc12043,fork.tube,premium,650,26,high,low,4,namecheap,,,23/09/2026 02:18
3854884c-54ea-49ed-be70-51a34d9f9090,ballad.one,available,9.48,30.98,high,low,6,namecheap,,,22/08/2026 21:27
25a3d966-b9a2-4bce-87e8-f919faaa9eb8,memo.protection,available,2064.2,2064.2,high,low,4,spaceship,,,28/09/2026 02:24
ab26475d-9248-45f6-97ec-2bf13f050e45,keg.airforce,available,83,83,high,low,3,spaceship,,,01/10/2026 20:12
c7f0a23f-6652-4d61-91e3-f3a92b521ae2,onshore.diy,available,4.98,51.98,high,low,7,namecheap,,,22/08/2026 06:55
c3bd97a8-c9c7-45d6-b25a-b032f921b44f,commonplace.men,available,4.32,5.35,high,low,11,spaceship,,,30/09/2026 19:28
0498ac6d-56df-4eae-83e6-217ea7698e97,reduce.health,resell,89.99,103.99,high,low,6,"Spaceship, Inc.",01/05/2026 17:03,01/05/2027 17:03,26/09/2026 08:33
0e7feb1c-6061-4325-9071-41b094c67394,aken.nexus,available,12.98,15.98,medium,low,4,namecheap,,,16/09/2026 13:08
fca8576e-75d2-4623-9af7-e02727e5cef6,packet.vegas,available,19.98,64.98,high,low,6,namecheap,,,24/09/2026 11:14
259911e8-8101-4da8-b139-23e9b06254ec,distinguish.forex,available,13.5,,high,low,11,unstoppable,,,28/09/2026 21:05
dd81b4ba-f121-4584-9ae2-488278bb9e28,toady.systems,available,11.98,47.48,medium,low,5,namecheap,,,20/09/2026 15:35
c408591b-9cb1-44e2-9768-b272cd3cf69d,wink.best,resell,,,high,low,4,Dynadot Inc,01/08/2026 08:13,01/08/2027 23:59,26/09/2026 10:11
beb72bef-6ff8-446d-a05a-91c400d4c162,complement.computer,available,23.99,38.99,high,low,10,namesilo,,,29/09/2026 10:29
0a419cf7-1a0f-444f-8ce1-df871b0b34b0,fuse.flowers,premium,2070.2,2070.2,high,low,4,spaceship,,,28/09/2026 05:34
11de6043-afa0-470e-881c-b27c61a198eb,foil.ac,available,28.98,76.98,high,low,4,namecheap,,,09/09/2026 08:18
57848816-42cf-44c5-a5d5-fe65cbf440d3,appanage.xxx,available,69.98,154.98,medium,low,8,namecheap,,,19/09/2026 16:11
291c81aa-ce86-4260-89b3-416179e6a259,stag.lawyer,available,49.95,49.95,high,low,4,porkbun,,,30/09/2026 18:38
ecd2ff91-f79c-4c9d-8dee-e8af91795531,physic.tube,available,21.62,21.62,high,low,6,dynadot,,,02/10/2026 10:47
b82b4263-e1e5-4993-b106-b6a1c1f7b69b,bait.qpon,premium,53.92,23.54,high,low,4,namesilo,,,21/09/2026 19:42
24bf86b3-1be2-4fde-ba77-d44af7574f81,jockey.doctor,available,14.49,116.99,high,low,6,namesilo,,,24/09/2026 14:26
347b6d92-b2aa-4e08-b647-9ee256b2179a,inhale.kim,available,12.99,23.49,high,low,6,namesilo,,,30/09/2026 16:29
afcd6168-ed5d-407e-9356-da693a178bbd,fissure.solutions,available,5.99,41.99,high,low,7,name.com,,,13/08/2026 04:18
b847bee6-31bc-4090-8569-c4f34a4c5e42,musty.hosting,available,309.99,329.99,medium,low,5,namesilo,,,18/08/2026 16:44
94ad5063-c738-433c-8513-136c19b0421e,limit.school,available,38.48,49.98,high,low,5,namecheap,,,29/09/2026 13:54
1a49a138-d4b0-4932-863b-abab9834a305,abroach.immobilien,available,14.99,48.99,medium,low,7,name.com,,,
bf8fe8c6-b5e2-4a62-9390-974612db44c0,neglect.top,available,1.88,4.88,high,low,7,namesilo,,,29/09/2026 16:14
970eace9-3448-448d-9f7c-f3dfa7c7a814,backstitch.voting,available,1398,1448,medium,low,10,namecheap,,,21/09/2026 16:04
ade4f3ff-e786-43e1-990b-94fbf051c9dd,reverse.vip,premium,130,19.5,high,low,7,namecheap,,,23/09/2026 22:34
09260458-0bf3-4657-9f3a-625f7ac24b37,gladiator.cab,available,13.06,26.97,high,low,9,dynadot,,,02/10/2026 05:04
c7fe147b-6a9b-4660-9643-65214dbbec7d,meagre.restaurant,available,11.98,81.98,medium,low,6,namecheap,,,24/08/2026 18:04
c7a05be2-469d-4c52-a286-3137ee6d8941,scope.properties,available,18.99,39.99,high,low,5,namesilo,,,18/09/2026 16:44
f5c47119-7d8a-4367-9039-89ea0690077e,skylark.moda,available,41.99,41.99,high,low,7,namesilo,,,18/09/2026 02:17
40b3ddee-78c5-4cff-8af9-f73eddd229ab,squander.works,available,3.98,51.98,medium,low,8,namecheap,,,13/09/2026 08:34
3b8dbe7e-44f4-4921-9003-5723ab16c2ed,stumble.hamburg,available,69.98,73.98,high,low,7,namecheap,,,30/09/2026 10:30
04627519-9719-43d5-bf3f-c24b67f29d68,out.realty,available,109.99,299,high,low,3,namesilo,,,30/09/2026 17:39
6802a27b-620d-4e2d-9615-725e64638051,arise.gratis,available,23.99,23.99,high,low,5,namesilo,,,28/09/2026 10:48
7bd5a5dc-19d6-4e51-9d14-5b4b2dbfdae3,flatfoot.to,available,39.98,39.98,medium,low,8,namecheap,,,10/09/2026 16:10
d1fbcc61-d63d-4c78-9152-cee862044e3e,salvation.name,available,7.31,7.31,high,low,9,porkbun,,,28/09/2026 03:00
c686f3e5-e39b-4ba9-8d52-2acd146677af,evolve.claims,available,10.81,52.01,high,medium,6,porkbun,,,30/09/2026 19:18
e1fdac84-2766-42fc-b468-4491d362a12c,request.football,available,20.2,20.2,high,low,7,cloudflare,,,28/09/2026 22:34
c05e95bb-5e18-4747-aa72-75c74c563c3a,intrigue.spot,available,27,25.99,high,low,8,unstoppable,,,30/09/2026 00:18
d2d3bcfe-bb35-4511-a561-fc2ef2ffd878,statistic.giving,available,7.48,35.98,high,low,9,namecheap,,,30/09/2026 11:05
b1021574-fc7a-4c95-8f1d-67ccf77f9553,louse.green,available,11.98,102.98,medium,low,5,namecheap,,,23/09/2026 20:00
8d51d9ea-77bc-4a2b-b48b-9fa1681f75c7,deteriorate.ooo,available,21.1,21.1,medium,low,11,porkbun,,,01/10/2026 22:25
7fdd0fb4-635e-4192-a12e-49fd600b007a,liqueur.immobilien,available,14.99,48.99,high,low,7,name.com,,,13/08/2026 01:02
11430e84-cdb8-4473-81cb-7cf72bff54db,favourite.furniture,available,39.99,151.99,high,low,9,name.com,,,13/08/2026 18:17
71756dc3-0576-4ac5-8af7-f8857e4a076e,grill.vin,available,6.41,47.81,high,low,5,spaceship,,,28/09/2026 05:54
b4b179d7-4fdd-4e3b-a158-ce0250e415c9,action.observer,premium,854,854,high,medium,6,namesilo,,,02/10/2026 00:12
4103ce69-2c8c-4e6f-b4ea-4daeccf8dc3b,collapse.vote,available,26.97,75.12,high,low,8,dynadot,,,27/09/2026 12:20
ddb1b4f5-38c1-4d6b-b3f5-79b5b365af07,becloud.hiv,available,195.99,195.99,medium,low,7,namesilo,,,03/09/2026 23:53
11689416-c952-48dc-810b-48cf1f1c4e46,deflect.ryukyu,available,17.98,22.98,high,low,7,namecheap,,,02/10/2026 16:20
e47342ff-85ca-4b3b-9b7b-c043aac16e01,dogfight.tech,premium,81.25,325,high,medium,8,namecheap,,,09/09/2026 18:56
63a86671-1b89-40f0-ba2a-ffeecdec8d3c,kebob.site,available,,,high,high,5,,,,
bb91545c-e120-4c53-acf3-0cb4d83754f2,spatter.hamburg,available,69.98,73.98,medium,low,7,namecheap,,,15/09/2026 20:19
ddb1a992-d905-41b1-8db3-bd40a26b02ae,booster.media,resell,,,high,low,7,"Chengdu West Dimension Digital Technology Co., Ltd.",12/08/2023 15:15,12/08/2027 15:15,26/09/2026 04:33
13db7dd4-e01e-4821-af5f-f22233671030,dribble.net,resell,,,high,high,7,"GoDaddy.com, LLC",10/12/2000 11:39,10/12/2026 11:39,26/09/2026 05:41
29fc4183-e4ac-4815-a7db-b9d5f61db6d7,bout.villas,available,10.92,49.44,high,low,4,dynadot,,,28/09/2026 18:28
05aa4b54-e9b8-4be8-be5d-0758fd159ca1,shark.support,resell,,,high,low,5,"GoDaddy.com, LLC",04/12/2015 22:46,04/12/2026 22:46,26/09/2026 08:58
d58fad3a-74a7-4d44-84ef-26c5684626b4,kitten.events,available,35.2,35.2,high,low,6,cloudflare,,,29/09/2026 07:25
69ffa045-fd7b-42fa-b803-ef5781e5a7ef,clash.boo,premium,129.2,,high,low,5,unstoppable,,,29/09/2026 09:50
2e1229cb-2a4a-4947-ade2-19d01af72357,rec.win,premium,640,77.35,high,low,3,namesilo,,,01/10/2026 17:05
4a865217-c8e3-48a9-95fd-be1874463de0,favour.support,available,8.99,26.99,high,low,6,namesilo,,,25/09/2026 05:51
ff7ed076-dc67-4243-af6c-e8d63357484b,worry.wtf,available,2.27,29.18,high,low,5,spaceship,,,29/09/2026 22:21
5a2abc90-24ea-40e5-958c-ff8c853475ab,telephone.dad,available,,,high,low,9,,,,26/09/2026 00:02
379646b3-4896-4502-b5f3-8a1ee6c29056,skill.buzz,premium,621.2,207.2,high,medium,5,spaceship,,,28/09/2026 17:56
7e2f523c-45d1-4c08-9d57-80c2ef9c4c6e,stomp.studio,available,17.99,40.99,high,low,5,namesilo,,,30/09/2026 18:50
51cd5d8c-dc35-4a51-b2d4-146244fdab24,holla.media,available,11.99,44.99,high,low,5,namesilo,,,23/09/2026 06:19
7a2f7b80-c392-4a22-87c0-4f58aac715be,tabu.feedback,available,9.98,489.98,high,low,4,namecheap,,,18/08/2026 11:04
eeae75ca-fb2a-4b81-ae80-66e4d4907530,hustle.rip,available,24.98,32.98,high,low,6,namecheap,,,17/09/2026 09:12
7a5bba22-f765-47c1-9ed3-1df8039e012f,duct.gift,available,20.98,23.98,high,low,4,namecheap,,,25/09/2026 00:18
44a7f957-e5bc-45c6-80d3-fcf4f4629e9d,hoover.software,available,10.55,33.32,high,low,6,spaceship,,,30/09/2026 17:36
86ccd9cb-93c6-4d2c-9dd8-2ce73173e7a3,lead.paris,available,66.98,66.98,high,medium,4,namecheap,,,25/09/2026 13:15
e9aace83-2f66-49cf-80aa-486aba90d68e,silhouette.boston,available,23.49,23.49,high,low,10,namesilo,,,02/10/2026 16:47
50c0408a-b1dc-4f3e-80a2-43f075478581,backlog.furniture,available,27.99,94.99,high,low,7,namesilo,,,21/09/2026 15:41
71d8f950-99cf-4307-b0ca-9ef8f4f607af,sequester.one,available,9.48,30.98,medium,low,9,namecheap,,,12/08/2026 21:06
7bfeb184-9272-4c00-bdd4-0ff604e6adde,october.repair,available,12,,high,low,7,unstoppable,,,28/09/2026 02:51
d186b05e-9593-48db-aed9-943745a5d924,assegai.kids,available,6.79,19.99,medium,low,7,namesilo,,,20/09/2026 15:40
c0adbecf-eecc-46f7-a900-3517bcb3ba49,clique.partners,available,20.99,71.99,high,low,6,namesilo,,,24/09/2026 15:47
10f5cd09-262f-45de-8adf-ea56972cdcb2,underarm.ai,available,89.98,114.98,high,low,8,namecheap,,,12/09/2026 07:21
374b8925-e4d0-49fd-91de-87f198112cdc,cigarette.men,premium,455,65,high,low,9,namecheap,,,25/09/2026 04:15
84a15884-4f88-43ca-a3c2-8fdc44bfb9b3,snuggle.camp,available,65.98,78.98,high,low,7,namecheap,,,24/09/2026 20:12
4bbf5669-d1df-4880-be46-f2f15c0c438a,newscast.realty,available,88.18,289.16,high,low,8,spaceship,,,02/10/2026 16:11
b51c62ad-6dd4-443e-ad91-d89db5ae2239,jill.productions,available,6.48,50.98,high,low,4,namecheap,,,25/09/2026 11:32
fc9ab1df-4c1f-4adf-93ab-d489ca123fb5,belly.lease,available,56.99,56.99,high,low,5,namesilo,,,16/09/2026 14:48
3510b20c-1306-40be-bec9-7f523ea19af6,while.law,available,83,83,high,low,5,spaceship,,,30/09/2026 14:40
7b6095d2-9a6b-49e1-b7c9-3aa5fbc1643a,intermediate.ltd,available,4.34,25.04,high,low,12,spaceship,,,30/09/2026 11:48
001e4456-d7d2-4acd-b385-20d206717708,beware.supplies,available,19.2,19.2,medium,low,6,cloudflare,,,28/09/2026 20:49
92fe147a-d088-4bb5-8ecd-bad70b5afe0c,soup.us,resell,,,high,low,4,"GoDaddy.com, LLC",24/04/2002 14:15,23/04/2027 23:59,30/09/2026 11:33
c68efa11-f47f-4f45-9b88-1b8faee4d14d,relinquish.country,available,2064.2,2064.2,high,low,10,spaceship,,,01/10/2026 21:29
fefa56af-fdec-43bb-88bc-2efc8ec80afc,passionate.cab,available,33.98,41.98,high,low,10,namecheap,,,27/09/2026 02:53
69a5d9d7-1c79-4be7-b8f5-34aebe12925a,ordain.tienda,available,9.99,77.99,high,low,6,name.com,,,12/08/2026 22:27
a1dbe3f0-1d55-4a36-958f-4a1f21f18fed,verbalise.direct,available,14.98,53.98,medium,low,9,namecheap,,,13/09/2026 00:16
26e75027-2dea-44a3-9b5e-c44f8c418856,zipper.fit,available,1.75,26.08,high,low,6,spaceship,,,01/10/2026 03:44
7bfaba38-d30d-4610-9a7b-073aa1a38e75,serial.living,premium,455,650,high,low,6,namecheap,,,21/08/2026 23:54
e81d3685-175b-416c-b4e9-b4e7544fd885,intrigue.cx,available,18.99,18.99,high,low,8,namesilo,,,30/09/2026 00:18
dff38af2-fceb-49bd-ae54-6b19a7828580,initiate.bingo,available,14.99,77.99,high,low,8,name.com,,,17/08/2026 09:35
875e5dc9-89a4-45a6-88ff-e82df2789476,doctorate.irish,available,5.98,31.98,high,low,9,namecheap,,,30/09/2026 17:00
54d21564-ab29-4e8d-b343-341e933e8b73,misprint.fm,available,69.98,118.98,medium,low,8,namecheap,,,24/08/2026 02:49
21fbc2c1-f68d-459c-a9cf-8d23b067e1fe,waitress.luxury,available,26,26,high,low,8,spaceship,,,27/09/2026 16:14
a975e4d9-13cd-4498-af1f-ee516b819382,bawl.attorney,available,62.99,62.99,medium,low,4,namesilo,,,23/09/2026 06:25
72de0ec7-63f8-4842-a7a5-a5730d2e5df1,attire.how,available,30.98,41.98,high,low,6,namecheap,,,21/09/2026 01:52
917f4e16-3f22-4509-874f-082603737538,truncate.at,available,,,high,low,8,,,,11/09/2026 20:40
26d19685-4687-4ad6-b340-7a13f9fba735,recourse.schule,available,29.98,32.98,high,low,8,namecheap,,,02/10/2026 16:32
38ce715f-4eed-44eb-8e06-1a6b75136e23,neutralize.cards,available,31.25,31.25,high,low,10,spaceship,,,01/10/2026 04:11
c68803e7-9d91-4d64-aba2-04a7b15a7d2d,abject.immobilien,available,14.99,48.99,medium,low,6,name.com,,,
f3da5ad8-10eb-436b-9d96-0272d56ec680,action.salon,available,57.99,57.99,high,medium,6,namesilo,,,02/10/2026 00:12
5ac923c6-6980-4032-90e4-3c6bf47cc6ea,christmas.dating,premium,99.5,128.7,high,low,9,unstoppable,,,29/09/2026 09:08
5d5ea915-252b-4128-9fe8-25a1561c6cde,thrive.reisen,available,21.98,28.98,high,medium,6,namecheap,,,29/09/2026 18:54
d5432933-eb53-4cca-812a-90059939563f,evolve.fund,resell,,,high,medium,6,Alibaba Cloud Computing Ltd. d/b/a HiChina (www.net.cn),25/02/2023 09:17,25/02/2027 09:17,30/09/2026 19:18
7a2bcb93-b4e4-4da9-8980-dcd0a0a69317,alibi.associates,available,18.99,38.99,high,low,5,namesilo,,,18/09/2026 07:24
1649ff00-5a35-4c72-a623-45d8fd7133d2,exaggerate.you,available,18.31,18.31,high,low,10,spaceship,,,30/09/2026 19:19
62970b9e-5a2e-4cae-83f6-38af08fbb42e,neglect.black,available,27.99,64.99,high,low,7,namesilo,,,29/09/2026 16:14
e45decc0-ec8d-4584-8650-ce9b78112f78,asbestos.show,available,18.99,44.49,high,low,8,namesilo,,,20/09/2026 12:54
4eb9d29a-d0d1-4556-9523-50c38975e9a3,onset.money,available,11.98,38.98,high,low,5,namecheap,,,04/09/2026 14:29
2f89b617-db96-4309-8a24-dc03410ed1fb,temperate.bet,available,8.98,35.98,high,low,9,namecheap,,,11/09/2026 10:48
6c9a45d4-1b10-4930-8105-13ff31a53558,fawn.cards,available,38.99,38.99,high,low,4,namesilo,,,02/10/2026 15:10
0478dd47-0a90-4cee-b1d5-3f7951d54fb2,critique.contact,available,11.59,11.59,high,low,8,spaceship,,,29/09/2026 12:05
5488620a-123e-4c79-9642-68a1eafcd897,compete.moi,available,25.99,25.99,high,low,7,namesilo,,,30/09/2026 17:34
60cb9d61-456e-4bce-a2c1-e88f32d456f5,phonograph.christmas,available,30.2,30.2,high,low,10,cloudflare,,,02/10/2026 16:22
cf69229f-cbf4-4ab3-978d-a3d0d0c89130,solemnise.ninja,available,,,high,high,9,,,,
23b71c74-63dd-4e57-9e1f-c6ddd24f40dd,programme.wedding,available,32.49,32.49,high,low,9,namesilo,,,24/09/2026 16:59
e5296c0e-bb46-4a9a-bb41-c9599a564ed9,arquebus.gold,available,9.99,99.99,medium,low,8,namesilo,,,20/09/2026 08:40
a1b9ac9d-0f5a-48bf-b920-e173aaa11700,browse.immobilien,available,37.99,37.99,high,low,6,namesilo,,,29/09/2026 04:39
43be7654-16a0-4988-ab4a-28e75ce2fbc3,reinforce.haus,available,13.5,,high,low,9,unstoppable,,,29/09/2026 20:46
bf2d943e-6082-44a4-8d46-e91b338bfa04,scarecrow.training,available,15.99,41.99,high,low,9,namesilo,,,23/09/2026 19:41
93f981ca-522c-4581-851c-f8f90671bb6d,mishap.limited,available,28.2,28.2,high,low,6,cloudflare,,,02/10/2026 16:07
92d46fff-acf4-49f8-baaa-5647a97065f9,snout.pet,resell,,,high,low,5,,,,30/09/2026 01:54
4691ce42-e3d7-41b3-9354-02408439bece,plywood.moda,available,41.99,41.99,high,low,7,namesilo,,,02/10/2026 06:06
73e06add-ed58-4e06-829e-7c8c5e44750b,gateway.cv,premium,525.26,69.86,high,medium,7,spaceship,,,28/09/2026 14:15
1f386316-31f6-4519-a423-428cc5ffe91a,profess.mobile,available,15.73,15.73,high,low,7,spaceship,,,30/09/2026 17:40
ef841c3b-7ecb-4ea0-8c6a-c45cff0ee45e,threefold.investments,available,6.98,166.98,high,low,9,namecheap,,,14/08/2026 16:42
fb31baee-a2e3-4994-89b5-bc45b2f11079,lesion.fyi,available,6.98,9.68,medium,low,6,namecheap,,,13/09/2026 13:28
7587dad9-8545-412d-9db8-acbe05068c0e,howl.diy,premium,302.5,302.5,high,low,4,namesilo,,,25/09/2026 00:27
0c49bca2-9862-4e00-a121-877d7d1690fa,indirect.date,premium,375,62.5,high,low,8,name.com,,,12/08/2026 16:43
6fe5e0e4-0b91-43eb-9f54-e4d84fcf93ed,lumpen.ltd,available,4.98,42.98,medium,low,6,namecheap,,,24/08/2026 11:14
112aa070-3ef6-499f-99da-78b9d1d9bf4f,tramp.cars,available,1999.99,2199,high,low,5,namesilo,,,10/09/2026 22:07
8cc33943-daca-4ab7-9f65-a9befab13e2c,refugee.id,available,18.33,18.33,high,low,7,porkbun,,,28/09/2026 20:17
b0260efb-3f02-4445-a866-28a898a7a84b,estimate.reviews,available,48.2,48.2,high,low,8,cloudflare,,,28/09/2026 21:56
715c2b8d-30d6-4823-8486-d43c115ebd46,vendor.science,premium,517.7,67.48,high,low,6,spaceship,,,02/10/2026 05:34
dfc347d8-5955-4ead-8d03-12121fbf04d9,ornate.vip,premium,130,19.5,high,low,6,namecheap,,,04/09/2026 17:59
06af0993-a075-42b9-9438-1734562b51b5,sawmill.college,available,17.99,59.99,high,low,7,namesilo,,,02/10/2026 05:40
c330ef76-078f-498a-8601-fb16c9935eaf,caption.supplies,available,24.99,24.99,high,low,7,namesilo,,,24/09/2026 12:41
5c4c680d-5eef-4f47-ae81-6ad2bd9fcad1,speer.homes,available,1.99,17.29,high,low,5,namesilo,,,18/09/2026 02:44
40d63109-2da3-4861-8ab8-33dd026a8b2b,sock.you,premium,130,130,high,low,4,namecheap,,,17/09/2026 21:43
95fda78e-62d3-4d9c-aa20-df374500d7ee,ignoble.osaka,available,32.98,41.98,medium,low,7,namecheap,,,21/08/2026 18:23
4508a3f3-5218-4094-967a-117a6b2752f3,effeminize.org,available,,,high,high,10,,,,
591aaf98-ff86-42c8-b28b-a79368a23123,sharpen.reise,available,77.83,77.83,high,low,7,spaceship,,,03/10/2026 02:36
72d1ab0d-2746-4ef0-86ba-3d7354fa7146,buffoon.contractors,available,35.49,35.49,medium,low,7,namesilo,,,24/09/2026 10:55
b7fe6042-fb61-4e04-b240-53efe89e43c3,slipstream.hiv,available,195.99,195.99,high,low,10,namesilo,,,21/09/2026 16:20
ee0a7d32-49c1-4be0-83d3-eca6f6a04b4d,substitute.directory,available,8.99,26.99,high,low,10,namesilo,,,22/09/2026 02:40
9fdcd8a2-626d-4ab9-a16d-88d48a39800c,honeycomb.cruises,available,44.71,44.71,high,low,9,spaceship,,,02/10/2026 05:20
70c8bcbc-1b71-4872-a813-61eae8ac3c76,retroflex.catering,available,38.99,38.99,medium,low,9,namesilo,,,11/08/2026 12:37
733d2afa-098c-4e52-8f51-49ef458bb006,rendition.republican,available,25.2,25.2,high,low,9,cloudflare,,,02/10/2026 05:24
6daa1b94-5c8b-4c17-9f58-d245c3c9a809,atheist.to,available,64.99,64.99,medium,low,7,namesilo,,,22/09/2026 10:58
2936ddc5-4779-4f64-8218-20274b4551e5,deduct.land,available,32.2,32.2,high,low,6,cloudflare,,,02/10/2026 06:42
a49a4c7a-292e-4a2d-98b2-9f5a1360138c,canoe.ryukyu,available,17.98,22.98,high,low,5,namecheap,,,29/09/2026 06:41
243609b0-57ee-4c34-a161-7f2da3169a32,stag.irish,available,7,,high,low,4,unstoppable,,,30/09/2026 18:38
bb3a9f73-190d-4205-bf70-a9d9e1450cd3,shaft.energy,available,5.38,93.35,high,low,5,spaceship,,,29/09/2026 01:04
2de08f9e-50b1-4b7e-bf61-455d28417447,deviate.clinic,available,11.98,82.98,high,low,7,namecheap,,,
5b8f716f-48af-4422-8719-b8ae4c8e5181,outfit.properties,available,6.18,31.41,high,low,6,porkbun,,,27/09/2026 13:44
e210f742-0b8d-481e-bfdb-429c03aac0d5,introduce.skin,available,1.99,17.29,high,low,9,namesilo,,,30/09/2026 00:04
0476f68a-d84c-45f2-8705-310204cf0054,umbrella.lawyer,available,62.99,62.99,high,low,8,namesilo,,,11/09/2026 23:04
a53cd890-069f-4619-b9fa-f1c751fab4f0,devoid.monster,available,1.8,19.98,medium,low,6,namecheap,,,14/08/2026 05:13
b8b1b0a9-8760-49a2-96a0-8ba3fe0ee19b,blether.irish,available,7.49,22.49,medium,low,7,namesilo,,,24/09/2026 04:49
806e89bf-5deb-434e-95c1-c42fe3184e0a,trademark.bar,premium,576,576,high,low,9,namesilo,,,29/09/2026 01:13
1d5c3c66-646f-42ea-a71e-a684e645499a,urinate.voting,available,1398,1448,medium,low,7,namecheap,,,13/09/2026 09:41
68625f4a-1ec8-4194-9a1b-887338f6b771,lid.bargains,available,17.99,26.49,high,low,3,namesilo,,,24/09/2026 13:43
c3d1adda-bc8b-4819-8deb-47dcc8bb45ac,stellate.kaufen,available,5.99,26.99,medium,low,8,namesilo,,,09/09/2026 09:34
20e5cb92-ce86-4bee-ba7d-9a5cdc51fb2d,fridge.healthcare,available,70.58,70.58,high,low,6,spaceship,,,29/09/2026 17:57
154eb8b9-ddef-4ea6-9723-3f434da09bfc,climber.equipment,available,28.99,28.99,high,low,7,namesilo,,,24/09/2026 15:39
eb292537-6151-478b-8f5a-efa99bda8c7e,difference.fm,available,67.98,87.72,high,low,10,spaceship,,,29/09/2026 14:33
7f7f8804-bc41-49b4-82e4-8fddbfa257bd,trebuchet.sexy,available,2749.99,2749.99,medium,low,9,namesilo,,,20/09/2026 00:39
f6fed634-c81e-423f-9602-58da7ea0bd06,decline.biz,premium,29.5,21.24,medium,low,7,namesilo,,,28/09/2026 13:52
4da98bab-8181-4ea0-9611-99b7197c39d6,zippo.spot,available,25.98,31.98,high,low,5,namecheap,,,03/09/2026 22:45
a638de4b-6251-49f1-ac8b-8170e39d3dbd,duplex.london,premium,134.9,59.99,high,low,6,name.com,,,14/08/2026 21:23
5aed21b6-8e4b-431d-a1d0-dddc7df09188,wage.fail,available,30.2,30.2,high,low,4,cloudflare,,,28/09/2026 10:40
50653f85-da22-4fe2-8342-2c84782d3663,pretzel.cash,available,4.34,31.25,high,low,7,spaceship,,,30/09/2026 07:15
aa216a4b-01db-4d4c-8714-cb6100ed84ed,dismiss.equipment,available,28.99,28.99,high,low,7,namesilo,,,29/09/2026 15:34
77a4fac2-1640-479a-aa4c-94dbbdf5bc8d,quiver.channel,available,12.98,16.48,high,low,6,namecheap,,,11/09/2026 19:13
5a16184a-ef6f-4e1b-9671-c04fcce76e02,derelict.vacations,available,38.99,38.99,medium,low,8,namesilo,,,21/09/2026 13:39
b4c34fb0-5a49-46e0-b735-bc5d7996d8ad,ballpark.kitchen,available,10.99,64.99,high,low,8,namesilo,,,19/09/2026 22:25
18e72438-478a-4cc0-bb13-0849f0218a0f,permission.jetzt,available,23.99,23.99,high,low,10,namesilo,,,25/09/2026 09:53
e5232f24-b8ac-467e-ac5d-3702fe3a7877,accompany.how,available,30.98,41.98,high,low,9,namecheap,,,24/09/2026 16:41
573561a9-85f0-4b53-b65f-a7f1747a7542,supersize.courses,available,2.19,38.99,high,low,9,namesilo,,,01/10/2026 23:38
4c79c636-ba06-494a-b91a-7fb54dd1059a,surname.hiv,available,184.86,184.86,high,low,7,porkbun,,,29/09/2026 06:51
12649d50-db5b-4451-bd71-916833a1a978,sms.vegas,available,12.99,43.99,high,medium,3,namesilo,,,28/09/2026 11:46
a1996b0a-632d-43b2-a6c7-dae03c25b3f2,uncover.organic,available,66.2,66.2,high,low,7,cloudflare,,,30/09/2026 16:42
d60553e7-03e1-45a4-8c19-b13e892c137f,mainstream.voto,available,10.55,55.93,high,low,10,spaceship,,,29/09/2026 01:38
2d2d7562-05ef-429d-9efb-5ac22ae4dba9,video.meme,premium,1300.2,1345.7,high,medium,5,unstoppable,,,02/10/2026 00:24
b09a98e9-9842-4792-b3d5-6e1393d6da8e,octave.studio,resell,,,high,low,6,,,,02/10/2026 05:50
c0afd16a-08f0-4c13-9a21-19bb433effe4,transfer.cam,premium,520,18.2,high,low,8,namecheap,,,19/09/2026 03:42
70d83343-ee47-4323-854f-8fe37b613d7b,disrepair.autos,available,1.99,17.29,high,low,9,namesilo,,,24/09/2026 23:02
60fcfaf9-52dc-448c-be63-c3e3d86fb06c,diplomate.diamonds,available,43.67,43.67,high,low,9,spaceship,,,29/09/2026 15:07
2a8e9382-6d46-485f-bbd9-abe40ea1c701,advantage.tires,available,8.24,72.61,high,low,9,porkbun,,,28/09/2026 18:56
bb997b7b-5803-4ecd-909c-470756999ec8,infirm.marketing,available,9.99,52.99,medium,low,6,name.com,,,13/08/2026 20:32
6c80d0bd-0bb7-4af2-979b-63a962e2a1a9,fragrance.villas,available,62.98,74.98,high,low,9,namecheap,,,29/09/2026 18:57
6a926038-4ae3-498a-8496-0efbbc43a865,retake.kiwi,available,31.98,35.68,high,low,6,namecheap,,,03/10/2026 01:55
98ccc04c-8b74-4585-ba9f-af7159015551,quiver.talk,available,41.98,46.98,high,low,6,namecheap,,,11/09/2026 19:13
7772dcf5-d6da-4bfd-996a-54dca19a1006,keratinize.pro,available,,,high,high,10,,,,
94d979d2-cd49-4c68-ab65-af1b8aed43fb,abroach.art,available,3.19,23.99,medium,low,7,namesilo,,,
21ed29ab-54d3-4584-bbad-754b5f0f576b,acclaim.bz,available,21.98,26.98,high,low,7,namecheap,,,16/09/2026 22:32
94c10d6d-8c32-4c3d-9fe5-d765ba44cf1f,synthesize.clinic,available,20.99,64.99,high,low,10,namesilo,,,02/10/2026 17:17
ad683948-c235-46d0-a099-9fbc7d5938af,fare.tienda,available,62.98,74.98,high,low,4,namecheap,,,28/09/2026 05:41
23ac94fa-d42f-4aaf-8da1-9c062c17e605,hype.green,available,6.69,64.37,high,medium,4,porkbun,,,29/09/2026 00:50
8931b2d7-14d0-4921-b396-5756a51261cc,avoid.realty,available,99.8,456.98,high,low,5,namecheap,,,13/09/2026 06:44
551167bb-b3e0-4bea-bb5d-e90998d1a9ca,caper.fitness,available,8.99,41.99,high,low,5,namesilo,,,22/09/2026 06:32
b4d4b179-1194-4581-b364-f415f827abbf,blare.party,available,5.25,6.25,medium,low,5,namesilo,,,10/08/2026 13:12
6770fe37-6638-475a-ba8e-8a6da88a04b9,pedal.gmbh,available,45.99,45.99,high,low,5,namesilo,,,08/09/2026 12:17
75dcd70f-a2a5-41d1-b9ff-0b159d09ddec,defeat.reviews,available,62.99,62.99,medium,low,6,namesilo,,,27/09/2026 12:58
694d5266-8ca9-438d-8dd3-da6726aeeea6,essay.properties,available,18.99,39.99,high,low,5,namesilo,,,21/09/2026 01:17
5f17107d-fb90-456b-974d-6482973ca366,revoke.flowers,available,93.35,103.4,high,low,6,spaceship,,,01/10/2026 19:06
049b356a-7bcd-4219-93a2-ce67deb7446d,ranch.ing,premium,3900,3900,high,low,5,namecheap,,,25/09/2026 22:09
98e896e7-41e9-4257-88d2-0ab0ffb43f58,whiz.homes,available,1.8,21.98,high,low,4,namecheap,,,21/09/2026 18:01
5cc790ad-ad0b-4800-a72c-e53f6a914592,discipline.soccer,available,27.48,29.48,high,low,10,namecheap,,,19/09/2026 11:34
63370686-1c1d-41c6-9df1-7818dcd78c5c,pluck.university,available,48.2,48.2,high,low,5,cloudflare,,,01/10/2026 19:35
afdc0ef0-38b5-4250-b279-52a895749921,dank.fan,available,11.99,71.99,high,low,4,name.com,,,12/08/2026 09:24
50b548c4-7cb3-447d-870c-1bdd32bd10f8,lateral.school,available,9.99,46.99,high,low,7,name.com,,,22/08/2026 20:34
d55e2bd2-4e63-4ded-b618-e092b2f543cc,vermilion.tickets,available,359.99,389.99,high,low,9,namesilo,,,12/08/2026 05:45
6ebaa75b-24a2-4cfd-9bc6-6095848471d1,darn.hiv,available,184.99,184.99,high,low,4,name.com,,,13/08/2026 16:10
73aed209-9d87-4427-9f12-64afa3ca036d,tough.diamonds,available,57.98,72.98,high,low,5,namecheap,,,22/09/2026 16:19
ed42559a-b09f-46ae-9604-534c98b0e2e2,roughneck.email,available,4.98,40.98,medium,low,9,namecheap,,,11/08/2026 08:43
b5dfc0cb-55d4-4ecd-9b9e-d6072685fcb1,pledge.estate,available,8.24,31.41,high,low,6,porkbun,,,27/09/2026 15:17
737c12ca-6722-4eff-8401-23b01a8d4e7f,ancestor.vacations,available,9.99,50.99,high,low,8,name.com,,,
3d4d93b4-fb19-461f-bbab-82a1b316a018,appal.pub,available,39.99,39.99,medium,low,5,namesilo,,,18/09/2026 01:52
aede113a-5b23-41fe-a2cd-c4bcef3956ce,represent.click,available,1.8,17.98,high,low,9,namecheap,,,30/09/2026 11:45
c8c3f6e2-1a61-4568-a8de-2c24d8e88a90,lig.racing,premium,,,high,low,3,,,,30/09/2026 19:16
836e6634-6f83-41e5-95c2-5465a4488059,contain.guide,available,43.48,54.48,high,low,7,namecheap,,,24/09/2026 20:22
64eb65d3-00e6-4117-a338-f7857b699813,holla.tax,available,14.99,67.49,high,low,5,namesilo,,,23/09/2026 06:19
19c73f71-45cd-41f4-acdb-9d59272d5728,swell.pw,available,,,high,low,5,,,,
608a6470-eb91-4955-8457-0c59b397bf9d,conglomerate.buzz,available,1.08,26.08,high,low,12,spaceship,,,02/10/2026 07:06
e81df031-6c7a-4cd9-966b-91fd7951b2e0,maa.mobile,premium,310.7,310.7,high,low,3,spaceship,,,30/09/2026 11:36
79b332f8-177b-43d7-84b6-584ba196cafb,torch.hosting,available,279.65,341.75,high,low,5,spaceship,,,28/09/2026 16:58
a35d19e6-f2d4-4259-ade5-ee46dc1aedf3,deejay.win,premium,362.45,51.95,high,low,6,spaceship,,,01/10/2026 18:26
868c5d2c-98c4-4399-a444-d28d566ef0ac,dispense.place,available,22.49,22.49,high,low,8,namesilo,,,01/10/2026 04:11
722a9037-3b34-4db5-acfe-c928608d6bc8,urge.farm,available,30.2,30.2,high,low,4,cloudflare,,,28/09/2026 19:09
1b3b534b-d764-44dc-a2c0-590bbfe000e3,catch.srl,available,31.99,31.99,high,low,5,namesilo,,,28/09/2026 22:15
e8696c93-1fef-4f42-8803-f21c8991be74,permit.guru,available,4.49,42.99,high,low,6,namesilo,,,24/09/2026 18:39
b476b76b-822c-4331-8f00-ccb5ced870bb,ruffian.care,available,10.98,59.98,medium,low,7,namecheap,,,11/08/2026 08:41
fe10a03e-f693-4cfc-8f40-e3793a72fbaa,freelance.moda,available,33.32,33.32,high,low,9,spaceship,,,02/10/2026 11:04
a81801ce-68f9-47f8-9ed1-d7bc661e18b2,memorise.bar,available,2.8,81.98,high,low,8,namecheap,,,30/09/2026 20:33
8ae6597f-469f-4382-9bdf-1e94238de088,slipstream.vodka,available,32.49,32.49,high,low,10,namesilo,,,21/09/2026 16:20
a9c593ff-b5b7-42a2-9090-5d5309837eec,mousetrap.ninja,available,,,high,high,9,,,,
00ab448f-2db2-4dea-9530-3b93606823e0,venom.dating,available,20.99,64.99,high,low,5,namesilo,,,29/09/2026 07:31
c2ee8688-d283-4f50-8113-6a359e18c3cf,penetrate.bayern,available,34.37,34.37,high,low,9,dynadot,,,28/09/2026 09:30
2466c1f0-8a6a-43ca-820a-5f34b7a057b2,flask.bz,available,21.98,26.98,high,low,5,namecheap,,,30/09/2026 17:20
4e92a1fe-d328-4a5f-9dd2-e833ec0d757e,earthquake.actor,available,16.99,44.49,high,low,10,namesilo,,,27/09/2026 13:14
062afcb3-1784-494a-a572-f2b1d3866b60,concrete.tax,available,8.98,85.98,high,low,8,namecheap,,,23/09/2026 19:16
7b7e31ce-4b71-46db-a3ad-4235f04f5373,season.marketing,available,32.2,32.2,high,low,6,cloudflare,,,29/09/2026 19:31
70fdf33d-5106-41ac-84b1-92ca5f0502ee,socket.graphics,available,22.98,31.98,high,low,6,namecheap,,,29/09/2026 13:58
2c037208-99b5-4e2b-b13a-041afcad2d76,gripe.institute,available,9.99,27.49,medium,low,5,namesilo,,,23/09/2026 00:19
15b19145-3c9c-4264-b3f4-16ec1c55edf8,mound.financial,available,45.2,45.2,medium,low,5,cloudflare,,,29/09/2026 06:29
eb20c631-7bb0-46ac-bb33-737ea1b0248f,suture.name,available,8.98,9.98,high,low,6,namecheap,,,03/10/2026 00:44
0a8caaf1-08fa-4d3e-923b-2aa19d816cf7,discredit.recipes,available,6.64,64.42,high,low,9,dynadot,,,29/09/2026 15:37
c8a54a6b-0348-4c65-a511-c943d822c5fd,chelate.mortgage,available,14.99,81.99,medium,low,7,name.com,,,12/08/2026 04:03
afa2a71f-4d05-465a-a305-0eeca72f4511,oversight.bz,available,18.88,18.88,high,low,9,dynadot,,,29/09/2026 23:43
e1766633-b824-4b38-ae66-0187209da58a,propel.memorial,available,52.99,52.99,high,low,6,namesilo,,,09/09/2026 03:16
f0862f74-99b2-4bda-843b-f598b64117c0,reschedule.icu,premium,59.71,119.23,high,low,10,spaceship,,,03/10/2026 02:35
ac7fbdf1-e1d5-4e2a-9837-1ceacc5f14cf,fiend.reisen,available,3.99,20.99,medium,low,5,namesilo,,,17/08/2026 21:54
5a14e18f-064c-4dc7-9de4-4c6bac5c1c33,scupper.nyc,available,31.99,31.99,medium,low,7,namesilo,,,18/09/2026 17:30
007aa34b-82d4-4689-8369-c6ec202fb0a5,memorize.menu,available,34.98,38.98,high,low,8,namecheap,,,30/09/2026 20:33
65f53452-231b-445b-964d-e7aacdd11942,unveil.tattoo,available,34.99,34.99,high,low,6,namesilo,,,30/09/2026 16:44
82b44478-e80b-4ae7-9207-e33afc9db3aa,sate.living,premium,227.5,325,medium,low,4,namecheap,,,09/09/2026 14:30
7ba60290-08b2-476f-9685-07ef88a27a2a,mri.industries,available,45.99,45.99,high,low,3,namesilo,,,25/09/2026 23:30
8ee9cc34-214f-47d4-a53b-f8b738d07f96,refresh.boo,premium,59.2,,high,low,7,unstoppable,,,30/09/2026 16:47
85a6e10f-a3e2-4a2c-b5c6-bbc9a2f23d19,manage.mortgage,available,62.99,62.99,high,medium,6,namesilo,,,01/10/2026 16:57
5869e63a-90a0-4ab3-bedd-0d3d2e096ba3,intrigue.law,available,83,83,high,low,8,spaceship,,,30/09/2026 00:18
e46fb610-f849-439a-a64d-c665bdeb76b0,judder.me,available,,,high,high,6,,,,
e20cdf0a-ff95-493d-a214-26f173e00ceb,absent.club,premium,53.92,17.7,high,low,6,namesilo,,,21/09/2026 14:37
98c40bd3-8117-4967-878c-ab75b22591fc,email.insure,available,72.99,72.99,high,medium,6,namesilo,,,29/09/2026 17:24